"slug","palavra_chave","origem","correspondencia_sugerida","pagina"
"tb-latitude-campo-belo","reforma studio campo belo","Sugestão editorial; validar no Google Ads","Frase / exata","https://bewild.com.br/portfolio/tb-latitude-campo-belo"
"tb-latitude-campo-belo","studio 27,75 m2 projeto","Sugestão editorial; validar no Google Ads","Frase / exata","https://bewild.com.br/portfolio/tb-latitude-campo-belo"
"tb-latitude-campo-belo","reforma latitude campo belo","Sugestão editorial; validar no Google Ads","Frase / exata","https://bewild.com.br/portfolio/tb-latitude-campo-belo"
"tb-latitude-campo-belo","studio com banco na janela","Sugestão editorial; validar no Google Ads","Frase / exata","https://bewild.com.br/portfolio/tb-latitude-campo-belo"
"tb-latitude-campo-belo","marcenaria studio campo belo","Sugestão editorial; validar no Google Ads","Frase / exata","https://bewild.com.br/portfolio/tb-latitude-campo-belo"
"tb-latitude-campo-belo","reforma de studio para locação","Sugestão editorial; validar no Google Ads","Frase / exata","https://bewild.com.br/portfolio/tb-latitude-campo-belo"
"tb-latitude-campo-belo","reforma apartamento para Airbnb","Sugestão editorial; validar no Google Ads","Frase / exata","https://bewild.com.br/portfolio/tb-latitude-campo-belo"
"r-tbg","Next One Vila Nova","Sugestão editorial; validar no Google Ads","Frase / exata","https://bewild.com.br/portfolio/r-tbg"
"r-tbg","projeto de interiores","Sugestão editorial; validar no Google Ads","Frase / exata","https://bewild.com.br/portfolio/r-tbg"
"r-tbg","cozinha integrada","Sugestão editorial; validar no Google Ads","Frase / exata","https://bewild.com.br/portfolio/r-tbg"
"r-tbg","marcenaria cinza","Sugestão editorial; validar no Google Ads","Frase / exata","https://bewild.com.br/portfolio/r-tbg"
"r-tbg","bancada de trabalho","Sugestão editorial; validar no Google Ads","Frase / exata","https://bewild.com.br/portfolio/r-tbg"
"r-tbg","reforma Vila Nova Conceição","Sugestão editorial; validar no Google Ads","Frase / exata","https://bewild.com.br/portfolio/r-tbg"
"r-tbg","reforma de apartamento em Vila Nova Conceição","Sugestão editorial; validar no Google Ads","Frase / exata","https://bewild.com.br/portfolio/r-tbg"
"vc-terrae","reforma studio pinheiros","Sugestão editorial; validar no Google Ads","Frase / exata","https://bewild.com.br/portfolio/vc-terrae"
"vc-terrae","studio com divisória vazada","Sugestão editorial; validar no Google Ads","Frase / exata","https://bewild.com.br/portfolio/vc-terrae"
"vc-terrae","marcenaria para apartamento compacto","Sugestão editorial; validar no Google Ads","Frase / exata","https://bewild.com.br/portfolio/vc-terrae"
"vc-terrae","projeto studio com banco","Sugestão editorial; validar no Google Ads","Frase / exata","https://bewild.com.br/portfolio/vc-terrae"
"vc-terrae","reforma apartamento pinheiros","Sugestão editorial; validar no Google Ads","Frase / exata","https://bewild.com.br/portfolio/vc-terrae"
"vc-terrae","reforma de studio para locação","Sugestão editorial; validar no Google Ads","Frase / exata","https://bewild.com.br/portfolio/vc-terrae"
"vc-terrae","reforma apartamento para Airbnb","Sugestão editorial; validar no Google Ads","Frase / exata","https://bewild.com.br/portfolio/vc-terrae"
"fg","reforma studio 26,36 m2","Sugestão editorial; validar no Google Ads","Frase / exata","https://bewild.com.br/portfolio/fg"
"fg","reforma nurban vila madalena","Sugestão editorial; validar no Google Ads","Frase / exata","https://bewild.com.br/portfolio/fg"
"fg","projeto studio com marcenaria","Sugestão editorial; validar no Google Ads","Frase / exata","https://bewild.com.br/portfolio/fg"
"fg","reforma apartamento vila madalena","Sugestão editorial; validar no Google Ads","Frase / exata","https://bewild.com.br/portfolio/fg"
"fg","banheiro colorido studio","Sugestão editorial; validar no Google Ads","Frase / exata","https://bewild.com.br/portfolio/fg"
"fg","reforma de studio para locação","Sugestão editorial; validar no Google Ads","Frase / exata","https://bewild.com.br/portfolio/fg"
"fg","reforma apartamento para Airbnb","Sugestão editorial; validar no Google Ads","Frase / exata","https://bewild.com.br/portfolio/fg"
"ff","Mercure JK","Sugestão editorial; validar no Google Ads","Frase / exata","https://bewild.com.br/portfolio/ff"
"ff","Itaim Bibi","Sugestão editorial; validar no Google Ads","Frase / exata","https://bewild.com.br/portfolio/ff"
"ff","projeto de interiores","Sugestão editorial; validar no Google Ads","Frase / exata","https://bewild.com.br/portfolio/ff"
"ff","cozinha e estar integrados","Sugestão editorial; validar no Google Ads","Frase / exata","https://bewild.com.br/portfolio/ff"
"ff","bancada para refeições e trabalho","Sugestão editorial; validar no Google Ads","Frase / exata","https://bewild.com.br/portfolio/ff"
"ff","marcenaria amadeirada","Sugestão editorial; validar no Google Ads","Frase / exata","https://bewild.com.br/portfolio/ff"
"ff","guarda-roupa espelhado","Sugestão editorial; validar no Google Ads","Frase / exata","https://bewild.com.br/portfolio/ff"
"ff","reforma de apartamento em Itaim Bibi","Sugestão editorial; validar no Google Ads","Frase / exata","https://bewild.com.br/portfolio/ff"
"ab-modern-campo-belo","Modern Campo Belo","Sugestão editorial; validar no Google Ads","Frase / exata","https://bewild.com.br/portfolio/ab-modern-campo-belo"
"ab-modern-campo-belo","Campo Belo","Sugestão editorial; validar no Google Ads","Frase / exata","https://bewild.com.br/portfolio/ab-modern-campo-belo"
"ab-modern-campo-belo","arquitetura de interiores","Sugestão editorial; validar no Google Ads","Frase / exata","https://bewild.com.br/portfolio/ab-modern-campo-belo"
"ab-modern-campo-belo","cozinha linear","Sugestão editorial; validar no Google Ads","Frase / exata","https://bewild.com.br/portfolio/ab-modern-campo-belo"
"ab-modern-campo-belo","marcenaria amadeirada","Sugestão editorial; validar no Google Ads","Frase / exata","https://bewild.com.br/portfolio/ab-modern-campo-belo"
"ab-modern-campo-belo","bancada para refeições e trabalho","Sugestão editorial; validar no Google Ads","Frase / exata","https://bewild.com.br/portfolio/ab-modern-campo-belo"
"ab-modern-campo-belo","sofá terracota","Sugestão editorial; validar no Google Ads","Frase / exata","https://bewild.com.br/portfolio/ab-modern-campo-belo"
"ab-modern-campo-belo","visualizações 3D","Sugestão editorial; validar no Google Ads","Frase / exata","https://bewild.com.br/portfolio/ab-modern-campo-belo"
"ab-modern-campo-belo","reforma de studio para Airbnb","Sugestão editorial; validar no Google Ads","Frase / exata","https://bewild.com.br/portfolio/ab-modern-campo-belo"
"ab-modern-campo-belo","reforma de apartamento para locação por temporada","Sugestão editorial; validar no Google Ads","Frase / exata","https://bewild.com.br/portfolio/ab-modern-campo-belo"
"ab-modern-campo-belo","reforma turnkey de studio","Sugestão editorial; validar no Google Ads","Frase / exata","https://bewild.com.br/portfolio/ab-modern-campo-belo"
"ab-modern-campo-belo","reforma de apartamento em Campo Belo","Sugestão editorial; validar no Google Ads","Frase / exata","https://bewild.com.br/portfolio/ab-modern-campo-belo"
"bf","Atmosfera Studio 360","Sugestão editorial; validar no Google Ads","Frase / exata","https://bewild.com.br/portfolio/bf"
"bf","interiores no Brooklin","Sugestão editorial; validar no Google Ads","Frase / exata","https://bewild.com.br/portfolio/bf"
"bf","estante divisória","Sugestão editorial; validar no Google Ads","Frase / exata","https://bewild.com.br/portfolio/bf"
"bf","cozinha linear","Sugestão editorial; validar no Google Ads","Frase / exata","https://bewild.com.br/portfolio/bf"
"bf","marcenaria clara","Sugestão editorial; validar no Google Ads","Frase / exata","https://bewild.com.br/portfolio/bf"
"bf","bancada de refeições","Sugestão editorial; validar no Google Ads","Frase / exata","https://bewild.com.br/portfolio/bf"
"bf","detalhes dourados","Sugestão editorial; validar no Google Ads","Frase / exata","https://bewild.com.br/portfolio/bf"
"bf","reforma de studio para Airbnb","Sugestão editorial; validar no Google Ads","Frase / exata","https://bewild.com.br/portfolio/bf"
"bf","reforma de apartamento para locação por temporada","Sugestão editorial; validar no Google Ads","Frase / exata","https://bewild.com.br/portfolio/bf"
"bf","reforma turnkey de studio","Sugestão editorial; validar no Google Ads","Frase / exata","https://bewild.com.br/portfolio/bf"
"bf","reforma de apartamento em Brooklin","Sugestão editorial; validar no Google Ads","Frase / exata","https://bewild.com.br/portfolio/bf"
"rm","My One Estação Japão-Liberdade","Sugestão editorial; validar no Google Ads","Frase / exata","https://bewild.com.br/portfolio/rm"
"rm","interiores na Liberdade","Sugestão editorial; validar no Google Ads","Frase / exata","https://bewild.com.br/portfolio/rm"
"rm","projeto de interiores em 3D","Sugestão editorial; validar no Google Ads","Frase / exata","https://bewild.com.br/portfolio/rm"
"rm","cozinha amadeirada","Sugestão editorial; validar no Google Ads","Frase / exata","https://bewild.com.br/portfolio/rm"
"rm","painéis espelhados","Sugestão editorial; validar no Google Ads","Frase / exata","https://bewild.com.br/portfolio/rm"
"rm","cabeceira com arandelas","Sugestão editorial; validar no Google Ads","Frase / exata","https://bewild.com.br/portfolio/rm"
"rm","cozinha e estar integrados","Sugestão editorial; validar no Google Ads","Frase / exata","https://bewild.com.br/portfolio/rm"
"rm","reforma de studio para Airbnb","Sugestão editorial; validar no Google Ads","Frase / exata","https://bewild.com.br/portfolio/rm"
"rm","reforma de apartamento para locação por temporada","Sugestão editorial; validar no Google Ads","Frase / exata","https://bewild.com.br/portfolio/rm"
"rm","reforma turnkey de studio","Sugestão editorial; validar no Google Ads","Frase / exata","https://bewild.com.br/portfolio/rm"
"rm","reforma de apartamento em Liberdade","Sugestão editorial; validar no Google Ads","Frase / exata","https://bewild.com.br/portfolio/rm"
"rjm","Modern Estação Butantã","Sugestão editorial; validar no Google Ads","Frase / exata","https://bewild.com.br/portfolio/rjm"
"rjm","interiores no Butantã","Sugestão editorial; validar no Google Ads","Frase / exata","https://bewild.com.br/portfolio/rjm"
"rjm","painel amadeirado","Sugestão editorial; validar no Google Ads","Frase / exata","https://bewild.com.br/portfolio/rjm"
"rjm","armário espelhado","Sugestão editorial; validar no Google Ads","Frase / exata","https://bewild.com.br/portfolio/rjm"
"rjm","cama e sofá","Sugestão editorial; validar no Google Ads","Frase / exata","https://bewild.com.br/portfolio/rjm"
"rjm","bancada de apoio","Sugestão editorial; validar no Google Ads","Frase / exata","https://bewild.com.br/portfolio/rjm"
"rjm","visualização 3D","Sugestão editorial; validar no Google Ads","Frase / exata","https://bewild.com.br/portfolio/rjm"
"rjm","reforma de apartamento em Butantã","Sugestão editorial; validar no Google Ads","Frase / exata","https://bewild.com.br/portfolio/rjm"
"sr-vibe-vila-olimpia","Vibe Vila Olímpia","Sugestão editorial; validar no Google Ads","Frase / exata","https://bewild.com.br/portfolio/sr-vibe-vila-olimpia"
"sr-vibe-vila-olimpia","interiores na Vila Olímpia","Sugestão editorial; validar no Google Ads","Frase / exata","https://bewild.com.br/portfolio/sr-vibe-vila-olimpia"
"sr-vibe-vila-olimpia","marcenaria amadeirada","Sugestão editorial; validar no Google Ads","Frase / exata","https://bewild.com.br/portfolio/sr-vibe-vila-olimpia"
"sr-vibe-vila-olimpia","painel canelado","Sugestão editorial; validar no Google Ads","Frase / exata","https://bewild.com.br/portfolio/sr-vibe-vila-olimpia"
"sr-vibe-vila-olimpia","cozinha linear","Sugestão editorial; validar no Google Ads","Frase / exata","https://bewild.com.br/portfolio/sr-vibe-vila-olimpia"
"sr-vibe-vila-olimpia","bancada de trabalho","Sugestão editorial; validar no Google Ads","Frase / exata","https://bewild.com.br/portfolio/sr-vibe-vila-olimpia"
"sr-vibe-vila-olimpia","guarda de roupas aberta","Sugestão editorial; validar no Google Ads","Frase / exata","https://bewild.com.br/portfolio/sr-vibe-vila-olimpia"
"sr-vibe-vila-olimpia","interiores em verde","Sugestão editorial; validar no Google Ads","Frase / exata","https://bewild.com.br/portfolio/sr-vibe-vila-olimpia"
"sr-vibe-vila-olimpia","reforma de studio para Airbnb","Sugestão editorial; validar no Google Ads","Frase / exata","https://bewild.com.br/portfolio/sr-vibe-vila-olimpia"
"sr-vibe-vila-olimpia","reforma de apartamento para locação por temporada","Sugestão editorial; validar no Google Ads","Frase / exata","https://bewild.com.br/portfolio/sr-vibe-vila-olimpia"
"sr-vibe-vila-olimpia","reforma turnkey de studio","Sugestão editorial; validar no Google Ads","Frase / exata","https://bewild.com.br/portfolio/sr-vibe-vila-olimpia"
"sr-vibe-vila-olimpia","reforma de apartamento em Vila Olímpia","Sugestão editorial; validar no Google Ads","Frase / exata","https://bewild.com.br/portfolio/sr-vibe-vila-olimpia"
"kc-vivaz-prime-alto-do-ipiranga","Vivaz Prime Alto do Ipiranga","Sugestão editorial; validar no Google Ads","Frase / exata","https://bewild.com.br/portfolio/kc-vivaz-prime-alto-do-ipiranga"
"kc-vivaz-prime-alto-do-ipiranga","interiores no Ipiranga","Sugestão editorial; validar no Google Ads","Frase / exata","https://bewild.com.br/portfolio/kc-vivaz-prime-alto-do-ipiranga"
"kc-vivaz-prime-alto-do-ipiranga","estar e jantar integrados","Sugestão editorial; validar no Google Ads","Frase / exata","https://bewild.com.br/portfolio/kc-vivaz-prime-alto-do-ipiranga"
"kc-vivaz-prime-alto-do-ipiranga","banco em L","Sugestão editorial; validar no Google Ads","Frase / exata","https://bewild.com.br/portfolio/kc-vivaz-prime-alto-do-ipiranga"
"kc-vivaz-prime-alto-do-ipiranga","painel amadeirado","Sugestão editorial; validar no Google Ads","Frase / exata","https://bewild.com.br/portfolio/kc-vivaz-prime-alto-do-ipiranga"
"kc-vivaz-prime-alto-do-ipiranga","marcenaria cinza","Sugestão editorial; validar no Google Ads","Frase / exata","https://bewild.com.br/portfolio/kc-vivaz-prime-alto-do-ipiranga"
"kc-vivaz-prime-alto-do-ipiranga","visualização 3D de interiores","Sugestão editorial; validar no Google Ads","Frase / exata","https://bewild.com.br/portfolio/kc-vivaz-prime-alto-do-ipiranga"
"kc-vivaz-prime-alto-do-ipiranga","reforma de apartamento em Ipiranga","Sugestão editorial; validar no Google Ads","Frase / exata","https://bewild.com.br/portfolio/kc-vivaz-prime-alto-do-ipiranga"
"fb-la-vida","La Vida","Sugestão editorial; validar no Google Ads","Frase / exata","https://bewild.com.br/portfolio/fb-la-vida"
"fb-la-vida","Santo Amaro","Sugestão editorial; validar no Google Ads","Frase / exata","https://bewild.com.br/portfolio/fb-la-vida"
"fb-la-vida","projeto de interiores","Sugestão editorial; validar no Google Ads","Frase / exata","https://bewild.com.br/portfolio/fb-la-vida"
"fb-la-vida","marcenaria amadeirada","Sugestão editorial; validar no Google Ads","Frase / exata","https://bewild.com.br/portfolio/fb-la-vida"
"fb-la-vida","divisória de cordas","Sugestão editorial; validar no Google Ads","Frase / exata","https://bewild.com.br/portfolio/fb-la-vida"
"fb-la-vida","cabeceira iluminada","Sugestão editorial; validar no Google Ads","Frase / exata","https://bewild.com.br/portfolio/fb-la-vida"
"fb-la-vida","integração visual","Sugestão editorial; validar no Google Ads","Frase / exata","https://bewild.com.br/portfolio/fb-la-vida"
"fb-la-vida","varanda com vegetação","Sugestão editorial; validar no Google Ads","Frase / exata","https://bewild.com.br/portfolio/fb-la-vida"
"fb-la-vida","reforma completa de apartamento para morar","Sugestão editorial; validar no Google Ads","Frase / exata","https://bewild.com.br/portfolio/fb-la-vida"
"fb-la-vida","arquitetura de interiores para apartamento compacto","Sugestão editorial; validar no Google Ads","Frase / exata","https://bewild.com.br/portfolio/fb-la-vida"
"fb-la-vida","reforma turnkey residencial","Sugestão editorial; validar no Google Ads","Frase / exata","https://bewild.com.br/portfolio/fb-la-vida"
"fb-la-vida","reforma de apartamento em Santo Amaro","Sugestão editorial; validar no Google Ads","Frase / exata","https://bewild.com.br/portfolio/fb-la-vida"
"dm","Latitude Campo Belo","Sugestão editorial; validar no Google Ads","Frase / exata","https://bewild.com.br/portfolio/dm"
"dm","interiores em Campo Belo","Sugestão editorial; validar no Google Ads","Frase / exata","https://bewild.com.br/portfolio/dm"
"dm","cozinha linear","Sugestão editorial; validar no Google Ads","Frase / exata","https://bewild.com.br/portfolio/dm"
"dm","marcenaria bege","Sugestão editorial; validar no Google Ads","Frase / exata","https://bewild.com.br/portfolio/dm"
"dm","bancada de trabalho","Sugestão editorial; validar no Google Ads","Frase / exata","https://bewild.com.br/portfolio/dm"
"dm","guarda aberta de roupas","Sugestão editorial; validar no Google Ads","Frase / exata","https://bewild.com.br/portfolio/dm"
"dm","varanda com mesa redonda","Sugestão editorial; validar no Google Ads","Frase / exata","https://bewild.com.br/portfolio/dm"
"dm","reforma de studio para Airbnb","Sugestão editorial; validar no Google Ads","Frase / exata","https://bewild.com.br/portfolio/dm"
"dm","reforma de apartamento para locação por temporada","Sugestão editorial; validar no Google Ads","Frase / exata","https://bewild.com.br/portfolio/dm"
"dm","reforma turnkey de studio","Sugestão editorial; validar no Google Ads","Frase / exata","https://bewild.com.br/portfolio/dm"
"dm","reforma de apartamento em Campo Belo","Sugestão editorial; validar no Google Ads","Frase / exata","https://bewild.com.br/portfolio/dm"
"sc-my-one","My One","Sugestão editorial; validar no Google Ads","Frase / exata","https://bewild.com.br/portfolio/sc-my-one"
"sc-my-one","interiores em Pinheiros","Sugestão editorial; validar no Google Ads","Frase / exata","https://bewild.com.br/portfolio/sc-my-one"
"sc-my-one","cozinha linear","Sugestão editorial; validar no Google Ads","Frase / exata","https://bewild.com.br/portfolio/sc-my-one"
"sc-my-one","marcenaria amadeirada","Sugestão editorial; validar no Google Ads","Frase / exata","https://bewild.com.br/portfolio/sc-my-one"
"sc-my-one","apoio para refeições","Sugestão editorial; validar no Google Ads","Frase / exata","https://bewild.com.br/portfolio/sc-my-one"
"sc-my-one","bancada de trabalho","Sugestão editorial; validar no Google Ads","Frase / exata","https://bewild.com.br/portfolio/sc-my-one"
"sc-my-one","TV suspensa","Sugestão editorial; validar no Google Ads","Frase / exata","https://bewild.com.br/portfolio/sc-my-one"
"sc-my-one","visualização 3D de interiores","Sugestão editorial; validar no Google Ads","Frase / exata","https://bewild.com.br/portfolio/sc-my-one"
"sc-my-one","reforma de studio para Airbnb","Sugestão editorial; validar no Google Ads","Frase / exata","https://bewild.com.br/portfolio/sc-my-one"
"sc-my-one","reforma de apartamento para locação por temporada","Sugestão editorial; validar no Google Ads","Frase / exata","https://bewild.com.br/portfolio/sc-my-one"
"sc-my-one","reforma turnkey de studio","Sugestão editorial; validar no Google Ads","Frase / exata","https://bewild.com.br/portfolio/sc-my-one"
"sc-my-one","reforma de apartamento em Pinheiros","Sugestão editorial; validar no Google Ads","Frase / exata","https://bewild.com.br/portfolio/sc-my-one"
"ej-vital-home","Vital Home","Sugestão editorial; validar no Google Ads","Frase / exata","https://bewild.com.br/portfolio/ej-vital-home"
"ej-vital-home","Butantã","Sugestão editorial; validar no Google Ads","Frase / exata","https://bewild.com.br/portfolio/ej-vital-home"
"ej-vital-home","projeto de interiores","Sugestão editorial; validar no Google Ads","Frase / exata","https://bewild.com.br/portfolio/ej-vital-home"
"ej-vital-home","cozinha linear","Sugestão editorial; validar no Google Ads","Frase / exata","https://bewild.com.br/portfolio/ej-vital-home"
"ej-vital-home","marcenaria amadeirada","Sugestão editorial; validar no Google Ads","Frase / exata","https://bewild.com.br/portfolio/ej-vital-home"
"ej-vital-home","sofá terracota","Sugestão editorial; validar no Google Ads","Frase / exata","https://bewild.com.br/portfolio/ej-vital-home"
"ej-vital-home","bancada para refeições e trabalho","Sugestão editorial; validar no Google Ads","Frase / exata","https://bewild.com.br/portfolio/ej-vital-home"
"ej-vital-home","visualização 3D","Sugestão editorial; validar no Google Ads","Frase / exata","https://bewild.com.br/portfolio/ej-vital-home"
"ej-vital-home","reforma de apartamento em Butantã","Sugestão editorial; validar no Google Ads","Frase / exata","https://bewild.com.br/portfolio/ej-vital-home"
"ag","YBY","Sugestão editorial; validar no Google Ads","Frase / exata","https://bewild.com.br/portfolio/ag"
"ag","Ibirapuera","Sugestão editorial; validar no Google Ads","Frase / exata","https://bewild.com.br/portfolio/ag"
"ag","projeto de interiores","Sugestão editorial; validar no Google Ads","Frase / exata","https://bewild.com.br/portfolio/ag"
"ag","marcenaria amadeirada","Sugestão editorial; validar no Google Ads","Frase / exata","https://bewild.com.br/portfolio/ag"
"ag","paredes verde-oliva","Sugestão editorial; validar no Google Ads","Frase / exata","https://bewild.com.br/portfolio/ag"
"ag","bancada multifuncional","Sugestão editorial; validar no Google Ads","Frase / exata","https://bewild.com.br/portfolio/ag"
"ag","cozinha linear","Sugestão editorial; validar no Google Ads","Frase / exata","https://bewild.com.br/portfolio/ag"
"ag","armário com portas de correr","Sugestão editorial; validar no Google Ads","Frase / exata","https://bewild.com.br/portfolio/ag"
"ag","reforma de studio para Airbnb","Sugestão editorial; validar no Google Ads","Frase / exata","https://bewild.com.br/portfolio/ag"
"ag","reforma de apartamento para locação por temporada","Sugestão editorial; validar no Google Ads","Frase / exata","https://bewild.com.br/portfolio/ag"
"ag","reforma turnkey de studio","Sugestão editorial; validar no Google Ads","Frase / exata","https://bewild.com.br/portfolio/ag"
"ag","reforma de apartamento em Ibirapuera","Sugestão editorial; validar no Google Ads","Frase / exata","https://bewild.com.br/portfolio/ag"
"fd-balkon-campo-belo","Balkon Campo Belo","Sugestão editorial; validar no Google Ads","Frase / exata","https://bewild.com.br/portfolio/fd-balkon-campo-belo"
"fd-balkon-campo-belo","interiores em Campo Belo","Sugestão editorial; validar no Google Ads","Frase / exata","https://bewild.com.br/portfolio/fd-balkon-campo-belo"
"fd-balkon-campo-belo","cozinha compacta","Sugestão editorial; validar no Google Ads","Frase / exata","https://bewild.com.br/portfolio/fd-balkon-campo-belo"
"fd-balkon-campo-belo","marcenaria cinza e amadeirada","Sugestão editorial; validar no Google Ads","Frase / exata","https://bewild.com.br/portfolio/fd-balkon-campo-belo"
"fd-balkon-campo-belo","bancada para refeições e trabalho","Sugestão editorial; validar no Google Ads","Frase / exata","https://bewild.com.br/portfolio/fd-balkon-campo-belo"
"fd-balkon-campo-belo","studio integrado","Sugestão editorial; validar no Google Ads","Frase / exata","https://bewild.com.br/portfolio/fd-balkon-campo-belo"
"fd-balkon-campo-belo","porta de correr","Sugestão editorial; validar no Google Ads","Frase / exata","https://bewild.com.br/portfolio/fd-balkon-campo-belo"
"fd-balkon-campo-belo","reforma de studio para Airbnb","Sugestão editorial; validar no Google Ads","Frase / exata","https://bewild.com.br/portfolio/fd-balkon-campo-belo"
"fd-balkon-campo-belo","reforma de apartamento para locação por temporada","Sugestão editorial; validar no Google Ads","Frase / exata","https://bewild.com.br/portfolio/fd-balkon-campo-belo"
"fd-balkon-campo-belo","reforma turnkey de studio","Sugestão editorial; validar no Google Ads","Frase / exata","https://bewild.com.br/portfolio/fd-balkon-campo-belo"
"fd-balkon-campo-belo","reforma de apartamento em Campo Belo","Sugestão editorial; validar no Google Ads","Frase / exata","https://bewild.com.br/portfolio/fd-balkon-campo-belo"
"ab-peninsula-vila-madalena","Península Vila Madalena","Sugestão editorial; validar no Google Ads","Frase / exata","https://bewild.com.br/portfolio/ab-peninsula-vila-madalena"
"ab-peninsula-vila-madalena","projeto de estúdio","Sugestão editorial; validar no Google Ads","Frase / exata","https://bewild.com.br/portfolio/ab-peninsula-vila-madalena"
"ab-peninsula-vila-madalena","interiores na Vila Madalena","Sugestão editorial; validar no Google Ads","Frase / exata","https://bewild.com.br/portfolio/ab-peninsula-vila-madalena"
"ab-peninsula-vila-madalena","cozinha linear","Sugestão editorial; validar no Google Ads","Frase / exata","https://bewild.com.br/portfolio/ab-peninsula-vila-madalena"
"ab-peninsula-vila-madalena","marcenaria amadeirada","Sugestão editorial; validar no Google Ads","Frase / exata","https://bewild.com.br/portfolio/ab-peninsula-vila-madalena"
"ab-peninsula-vila-madalena","bancada de trabalho e refeições","Sugestão editorial; validar no Google Ads","Frase / exata","https://bewild.com.br/portfolio/ab-peninsula-vila-madalena"
"ab-peninsula-vila-madalena","cabeceira com apoios","Sugestão editorial; validar no Google Ads","Frase / exata","https://bewild.com.br/portfolio/ab-peninsula-vila-madalena"
"ab-peninsula-vila-madalena","reforma de studio para Airbnb","Sugestão editorial; validar no Google Ads","Frase / exata","https://bewild.com.br/portfolio/ab-peninsula-vila-madalena"
"ab-peninsula-vila-madalena","reforma de apartamento para locação por temporada","Sugestão editorial; validar no Google Ads","Frase / exata","https://bewild.com.br/portfolio/ab-peninsula-vila-madalena"
"ab-peninsula-vila-madalena","reforma turnkey de studio","Sugestão editorial; validar no Google Ads","Frase / exata","https://bewild.com.br/portfolio/ab-peninsula-vila-madalena"
"ab-peninsula-vila-madalena","reforma de apartamento em Vila Madalena","Sugestão editorial; validar no Google Ads","Frase / exata","https://bewild.com.br/portfolio/ab-peninsula-vila-madalena"
"cg-yby-urban-home","YBY Urban Home","Sugestão editorial; validar no Google Ads","Frase / exata","https://bewild.com.br/portfolio/cg-yby-urban-home"
"cg-yby-urban-home","projeto de interiores","Sugestão editorial; validar no Google Ads","Frase / exata","https://bewild.com.br/portfolio/cg-yby-urban-home"
"cg-yby-urban-home","cozinha integrada","Sugestão editorial; validar no Google Ads","Frase / exata","https://bewild.com.br/portfolio/cg-yby-urban-home"
"cg-yby-urban-home","bancada de trabalho","Sugestão editorial; validar no Google Ads","Frase / exata","https://bewild.com.br/portfolio/cg-yby-urban-home"
"cg-yby-urban-home","marcenaria clara","Sugestão editorial; validar no Google Ads","Frase / exata","https://bewild.com.br/portfolio/cg-yby-urban-home"
"cg-yby-urban-home","mesa redonda","Sugestão editorial; validar no Google Ads","Frase / exata","https://bewild.com.br/portfolio/cg-yby-urban-home"
"cg-yby-urban-home","visualizações 3D","Sugestão editorial; validar no Google Ads","Frase / exata","https://bewild.com.br/portfolio/cg-yby-urban-home"
"cg-yby-urban-home","reforma de studio para Airbnb","Sugestão editorial; validar no Google Ads","Frase / exata","https://bewild.com.br/portfolio/cg-yby-urban-home"
"cg-yby-urban-home","reforma de apartamento para locação por temporada","Sugestão editorial; validar no Google Ads","Frase / exata","https://bewild.com.br/portfolio/cg-yby-urban-home"
"cg-yby-urban-home","reforma turnkey de studio","Sugestão editorial; validar no Google Ads","Frase / exata","https://bewild.com.br/portfolio/cg-yby-urban-home"
"fc-think-tanabi-perdizes","Think Tanabi Perdizes","Sugestão editorial; validar no Google Ads","Frase / exata","https://bewild.com.br/portfolio/fc-think-tanabi-perdizes"
"fc-think-tanabi-perdizes","interiores na Barra Funda","Sugestão editorial; validar no Google Ads","Frase / exata","https://bewild.com.br/portfolio/fc-think-tanabi-perdizes"
"fc-think-tanabi-perdizes","proposta de interiores","Sugestão editorial; validar no Google Ads","Frase / exata","https://bewild.com.br/portfolio/fc-think-tanabi-perdizes"
"fc-think-tanabi-perdizes","marcenaria amadeirada","Sugestão editorial; validar no Google Ads","Frase / exata","https://bewild.com.br/portfolio/fc-think-tanabi-perdizes"
"fc-think-tanabi-perdizes","azul acinzentado","Sugestão editorial; validar no Google Ads","Frase / exata","https://bewild.com.br/portfolio/fc-think-tanabi-perdizes"
"fc-think-tanabi-perdizes","cozinha linear","Sugestão editorial; validar no Google Ads","Frase / exata","https://bewild.com.br/portfolio/fc-think-tanabi-perdizes"
"fc-think-tanabi-perdizes","bancada de trabalho e refeições","Sugestão editorial; validar no Google Ads","Frase / exata","https://bewild.com.br/portfolio/fc-think-tanabi-perdizes"
"fc-think-tanabi-perdizes","guarda-roupa","Sugestão editorial; validar no Google Ads","Frase / exata","https://bewild.com.br/portfolio/fc-think-tanabi-perdizes"
"fc-think-tanabi-perdizes","reforma de studio para Airbnb","Sugestão editorial; validar no Google Ads","Frase / exata","https://bewild.com.br/portfolio/fc-think-tanabi-perdizes"
"fc-think-tanabi-perdizes","reforma de apartamento para locação por temporada","Sugestão editorial; validar no Google Ads","Frase / exata","https://bewild.com.br/portfolio/fc-think-tanabi-perdizes"
"fc-think-tanabi-perdizes","reforma turnkey de studio","Sugestão editorial; validar no Google Ads","Frase / exata","https://bewild.com.br/portfolio/fc-think-tanabi-perdizes"
"fc-think-tanabi-perdizes","reforma de apartamento em Barra Funda","Sugestão editorial; validar no Google Ads","Frase / exata","https://bewild.com.br/portfolio/fc-think-tanabi-perdizes"
"af-living-full-vila-nova-conceicao","Living Full","Sugestão editorial; validar no Google Ads","Frase / exata","https://bewild.com.br/portfolio/af-living-full-vila-nova-conceicao"
"af-living-full-vila-nova-conceicao","Vila Nova Conceição","Sugestão editorial; validar no Google Ads","Frase / exata","https://bewild.com.br/portfolio/af-living-full-vila-nova-conceicao"
"af-living-full-vila-nova-conceicao","projeto de estúdio","Sugestão editorial; validar no Google Ads","Frase / exata","https://bewild.com.br/portfolio/af-living-full-vila-nova-conceicao"
"af-living-full-vila-nova-conceicao","cozinha linear","Sugestão editorial; validar no Google Ads","Frase / exata","https://bewild.com.br/portfolio/af-living-full-vila-nova-conceicao"
"af-living-full-vila-nova-conceicao","marcenaria amadeirada","Sugestão editorial; validar no Google Ads","Frase / exata","https://bewild.com.br/portfolio/af-living-full-vila-nova-conceicao"
"af-living-full-vila-nova-conceicao","mesa de refeições e trabalho","Sugestão editorial; validar no Google Ads","Frase / exata","https://bewild.com.br/portfolio/af-living-full-vila-nova-conceicao"
"af-living-full-vila-nova-conceicao","TV suspensa","Sugestão editorial; validar no Google Ads","Frase / exata","https://bewild.com.br/portfolio/af-living-full-vila-nova-conceicao"
"af-living-full-vila-nova-conceicao","interiores em tons neutros","Sugestão editorial; validar no Google Ads","Frase / exata","https://bewild.com.br/portfolio/af-living-full-vila-nova-conceicao"
"af-living-full-vila-nova-conceicao","reforma de studio para Airbnb","Sugestão editorial; validar no Google Ads","Frase / exata","https://bewild.com.br/portfolio/af-living-full-vila-nova-conceicao"
"af-living-full-vila-nova-conceicao","reforma de apartamento para locação por temporada","Sugestão editorial; validar no Google Ads","Frase / exata","https://bewild.com.br/portfolio/af-living-full-vila-nova-conceicao"
"af-living-full-vila-nova-conceicao","reforma turnkey de studio","Sugestão editorial; validar no Google Ads","Frase / exata","https://bewild.com.br/portfolio/af-living-full-vila-nova-conceicao"
"af-living-full-vila-nova-conceicao","reforma de apartamento em Vila Nova Conceição","Sugestão editorial; validar no Google Ads","Frase / exata","https://bewild.com.br/portfolio/af-living-full-vila-nova-conceicao"
"rm-metrocasa-paulista","Metrocasa Paulista","Sugestão editorial; validar no Google Ads","Frase / exata","https://bewild.com.br/portfolio/rm-metrocasa-paulista"
"rm-metrocasa-paulista","Jardim Paulista","Sugestão editorial; validar no Google Ads","Frase / exata","https://bewild.com.br/portfolio/rm-metrocasa-paulista"
"rm-metrocasa-paulista","projeto de interiores","Sugestão editorial; validar no Google Ads","Frase / exata","https://bewild.com.br/portfolio/rm-metrocasa-paulista"
"rm-metrocasa-paulista","marcenaria planejada","Sugestão editorial; validar no Google Ads","Frase / exata","https://bewild.com.br/portfolio/rm-metrocasa-paulista"
"rm-metrocasa-paulista","cozinha compacta","Sugestão editorial; validar no Google Ads","Frase / exata","https://bewild.com.br/portfolio/rm-metrocasa-paulista"
"rm-metrocasa-paulista","dormitório com guarda-roupa","Sugestão editorial; validar no Google Ads","Frase / exata","https://bewild.com.br/portfolio/rm-metrocasa-paulista"
"rm-metrocasa-paulista","painel amadeirado","Sugestão editorial; validar no Google Ads","Frase / exata","https://bewild.com.br/portfolio/rm-metrocasa-paulista"
"rm-metrocasa-paulista","bancada de trabalho","Sugestão editorial; validar no Google Ads","Frase / exata","https://bewild.com.br/portfolio/rm-metrocasa-paulista"
"rm-metrocasa-paulista","reforma de studio para Airbnb","Sugestão editorial; validar no Google Ads","Frase / exata","https://bewild.com.br/portfolio/rm-metrocasa-paulista"
"rm-metrocasa-paulista","reforma de apartamento para locação por temporada","Sugestão editorial; validar no Google Ads","Frase / exata","https://bewild.com.br/portfolio/rm-metrocasa-paulista"
"rm-metrocasa-paulista","reforma turnkey de studio","Sugestão editorial; validar no Google Ads","Frase / exata","https://bewild.com.br/portfolio/rm-metrocasa-paulista"
"rm-metrocasa-paulista","reforma de apartamento em Jardim Paulista","Sugestão editorial; validar no Google Ads","Frase / exata","https://bewild.com.br/portfolio/rm-metrocasa-paulista"
"ag-oriz-by-plano-plano","Oriz by Plano&Plano","Sugestão editorial; validar no Google Ads","Frase / exata","https://bewild.com.br/portfolio/ag-oriz-by-plano-plano"
"ag-oriz-by-plano-plano","Campo Belo","Sugestão editorial; validar no Google Ads","Frase / exata","https://bewild.com.br/portfolio/ag-oriz-by-plano-plano"
"ag-oriz-by-plano-plano","proposta de interiores","Sugestão editorial; validar no Google Ads","Frase / exata","https://bewild.com.br/portfolio/ag-oriz-by-plano-plano"
"ag-oriz-by-plano-plano","cozinha linear","Sugestão editorial; validar no Google Ads","Frase / exata","https://bewild.com.br/portfolio/ag-oriz-by-plano-plano"
"ag-oriz-by-plano-plano","marcenaria amadeirada","Sugestão editorial; validar no Google Ads","Frase / exata","https://bewild.com.br/portfolio/ag-oriz-by-plano-plano"
"ag-oriz-by-plano-plano","bancada de refeições e trabalho","Sugestão editorial; validar no Google Ads","Frase / exata","https://bewild.com.br/portfolio/ag-oriz-by-plano-plano"
"ag-oriz-by-plano-plano","estar e descanso integrados","Sugestão editorial; validar no Google Ads","Frase / exata","https://bewild.com.br/portfolio/ag-oriz-by-plano-plano"
"ag-oriz-by-plano-plano","reforma de studio para Airbnb","Sugestão editorial; validar no Google Ads","Frase / exata","https://bewild.com.br/portfolio/ag-oriz-by-plano-plano"
"ag-oriz-by-plano-plano","reforma de apartamento para locação por temporada","Sugestão editorial; validar no Google Ads","Frase / exata","https://bewild.com.br/portfolio/ag-oriz-by-plano-plano"
"ag-oriz-by-plano-plano","reforma turnkey de studio","Sugestão editorial; validar no Google Ads","Frase / exata","https://bewild.com.br/portfolio/ag-oriz-by-plano-plano"
"ag-oriz-by-plano-plano","reforma de apartamento em Campo Belo","Sugestão editorial; validar no Google Ads","Frase / exata","https://bewild.com.br/portfolio/ag-oriz-by-plano-plano"
"ml-brasilio-177","Brasilio 177","Sugestão editorial; validar no Google Ads","Frase / exata","https://bewild.com.br/portfolio/ml-brasilio-177"
"ml-brasilio-177","arquitetura de interiores na República","Sugestão editorial; validar no Google Ads","Frase / exata","https://bewild.com.br/portfolio/ml-brasilio-177"
"ml-brasilio-177","divisória vazada com TV","Sugestão editorial; validar no Google Ads","Frase / exata","https://bewild.com.br/portfolio/ml-brasilio-177"
"ml-brasilio-177","marcenaria amadeirada","Sugestão editorial; validar no Google Ads","Frase / exata","https://bewild.com.br/portfolio/ml-brasilio-177"
"ml-brasilio-177","mesa redonda preta","Sugestão editorial; validar no Google Ads","Frase / exata","https://bewild.com.br/portfolio/ml-brasilio-177"
"ml-brasilio-177","cabeceira com nicho","Sugestão editorial; validar no Google Ads","Frase / exata","https://bewild.com.br/portfolio/ml-brasilio-177"
"ml-brasilio-177","cozinha linear","Sugestão editorial; validar no Google Ads","Frase / exata","https://bewild.com.br/portfolio/ml-brasilio-177"
"ml-brasilio-177","visualização 3D de interiores","Sugestão editorial; validar no Google Ads","Frase / exata","https://bewild.com.br/portfolio/ml-brasilio-177"
"ml-brasilio-177","reforma completa de apartamento para morar","Sugestão editorial; validar no Google Ads","Frase / exata","https://bewild.com.br/portfolio/ml-brasilio-177"
"ml-brasilio-177","arquitetura de interiores para apartamento compacto","Sugestão editorial; validar no Google Ads","Frase / exata","https://bewild.com.br/portfolio/ml-brasilio-177"
"ml-brasilio-177","reforma turnkey residencial","Sugestão editorial; validar no Google Ads","Frase / exata","https://bewild.com.br/portfolio/ml-brasilio-177"
"ml-brasilio-177","reforma de apartamento em República","Sugestão editorial; validar no Google Ads","Frase / exata","https://bewild.com.br/portfolio/ml-brasilio-177"
"ah-soma-perdizes","Soma Perdizes","Sugestão editorial; validar no Google Ads","Frase / exata","https://bewild.com.br/portfolio/ah-soma-perdizes"
"ah-soma-perdizes","interiores em Perdizes","Sugestão editorial; validar no Google Ads","Frase / exata","https://bewild.com.br/portfolio/ah-soma-perdizes"
"ah-soma-perdizes","estúdio compacto","Sugestão editorial; validar no Google Ads","Frase / exata","https://bewild.com.br/portfolio/ah-soma-perdizes"
"ah-soma-perdizes","marcenaria amadeirada","Sugestão editorial; validar no Google Ads","Frase / exata","https://bewild.com.br/portfolio/ah-soma-perdizes"
"ah-soma-perdizes","cozinha grafite","Sugestão editorial; validar no Google Ads","Frase / exata","https://bewild.com.br/portfolio/ah-soma-perdizes"
"ah-soma-perdizes","bancada de trabalho e refeições","Sugestão editorial; validar no Google Ads","Frase / exata","https://bewild.com.br/portfolio/ah-soma-perdizes"
"ah-soma-perdizes","guarda-roupa","Sugestão editorial; validar no Google Ads","Frase / exata","https://bewild.com.br/portfolio/ah-soma-perdizes"
"ah-soma-perdizes","projeto 3D","Sugestão editorial; validar no Google Ads","Frase / exata","https://bewild.com.br/portfolio/ah-soma-perdizes"
"ah-soma-perdizes","reforma de studio para Airbnb","Sugestão editorial; validar no Google Ads","Frase / exata","https://bewild.com.br/portfolio/ah-soma-perdizes"
"ah-soma-perdizes","reforma de apartamento para locação por temporada","Sugestão editorial; validar no Google Ads","Frase / exata","https://bewild.com.br/portfolio/ah-soma-perdizes"
"ah-soma-perdizes","reforma turnkey de studio","Sugestão editorial; validar no Google Ads","Frase / exata","https://bewild.com.br/portfolio/ah-soma-perdizes"
"ah-soma-perdizes","reforma de apartamento em Perdizes","Sugestão editorial; validar no Google Ads","Frase / exata","https://bewild.com.br/portfolio/ah-soma-perdizes"
"lc-essencial-faria-lima","Essencial Faria Lima","Sugestão editorial; validar no Google Ads","Frase / exata","https://bewild.com.br/portfolio/lc-essencial-faria-lima"
"lc-essencial-faria-lima","interiores em Pinheiros","Sugestão editorial; validar no Google Ads","Frase / exata","https://bewild.com.br/portfolio/lc-essencial-faria-lima"
"lc-essencial-faria-lima","cozinha linear","Sugestão editorial; validar no Google Ads","Frase / exata","https://bewild.com.br/portfolio/lc-essencial-faria-lima"
"lc-essencial-faria-lima","bancada de trabalho","Sugestão editorial; validar no Google Ads","Frase / exata","https://bewild.com.br/portfolio/lc-essencial-faria-lima"
"lc-essencial-faria-lima","área de serviço","Sugestão editorial; validar no Google Ads","Frase / exata","https://bewild.com.br/portfolio/lc-essencial-faria-lima"
"lc-essencial-faria-lima","marcenaria clara","Sugestão editorial; validar no Google Ads","Frase / exata","https://bewild.com.br/portfolio/lc-essencial-faria-lima"
"lc-essencial-faria-lima","visualizações 3D","Sugestão editorial; validar no Google Ads","Frase / exata","https://bewild.com.br/portfolio/lc-essencial-faria-lima"
"lc-essencial-faria-lima","reforma de studio para Airbnb","Sugestão editorial; validar no Google Ads","Frase / exata","https://bewild.com.br/portfolio/lc-essencial-faria-lima"
"lc-essencial-faria-lima","reforma de apartamento para locação por temporada","Sugestão editorial; validar no Google Ads","Frase / exata","https://bewild.com.br/portfolio/lc-essencial-faria-lima"
"lc-essencial-faria-lima","reforma turnkey de studio","Sugestão editorial; validar no Google Ads","Frase / exata","https://bewild.com.br/portfolio/lc-essencial-faria-lima"
"lc-essencial-faria-lima","reforma de apartamento em Pinheiros","Sugestão editorial; validar no Google Ads","Frase / exata","https://bewild.com.br/portfolio/lc-essencial-faria-lima"
"ab-the-collection-moema","The Collection Moema","Sugestão editorial; validar no Google Ads","Frase / exata","https://bewild.com.br/portfolio/ab-the-collection-moema"
"ab-the-collection-moema","interiores em Moema","Sugestão editorial; validar no Google Ads","Frase / exata","https://bewild.com.br/portfolio/ab-the-collection-moema"
"ab-the-collection-moema","projeto de estúdio","Sugestão editorial; validar no Google Ads","Frase / exata","https://bewild.com.br/portfolio/ab-the-collection-moema"
"ab-the-collection-moema","marcenaria amadeirada","Sugestão editorial; validar no Google Ads","Frase / exata","https://bewild.com.br/portfolio/ab-the-collection-moema"
"ab-the-collection-moema","cozinha linear","Sugestão editorial; validar no Google Ads","Frase / exata","https://bewild.com.br/portfolio/ab-the-collection-moema"
"ab-the-collection-moema","bancada de trabalho e refeições","Sugestão editorial; validar no Google Ads","Frase / exata","https://bewild.com.br/portfolio/ab-the-collection-moema"
"ab-the-collection-moema","varanda com mesa redonda","Sugestão editorial; validar no Google Ads","Frase / exata","https://bewild.com.br/portfolio/ab-the-collection-moema"
"ab-the-collection-moema","visualização 3D","Sugestão editorial; validar no Google Ads","Frase / exata","https://bewild.com.br/portfolio/ab-the-collection-moema"
"ab-the-collection-moema","reforma de studio para Airbnb","Sugestão editorial; validar no Google Ads","Frase / exata","https://bewild.com.br/portfolio/ab-the-collection-moema"
"ab-the-collection-moema","reforma de apartamento para locação por temporada","Sugestão editorial; validar no Google Ads","Frase / exata","https://bewild.com.br/portfolio/ab-the-collection-moema"
"ab-the-collection-moema","reforma turnkey de studio","Sugestão editorial; validar no Google Ads","Frase / exata","https://bewild.com.br/portfolio/ab-the-collection-moema"
"ab-the-collection-moema","reforma de apartamento em Moema","Sugestão editorial; validar no Google Ads","Frase / exata","https://bewild.com.br/portfolio/ab-the-collection-moema"
"fd-next-one-vila-nova","Next One Vila Nova","Sugestão editorial; validar no Google Ads","Frase / exata","https://bewild.com.br/portfolio/fd-next-one-vila-nova"
"fd-next-one-vila-nova","interiores no Jardim Paulista","Sugestão editorial; validar no Google Ads","Frase / exata","https://bewild.com.br/portfolio/fd-next-one-vila-nova"
"fd-next-one-vila-nova","cozinha linear","Sugestão editorial; validar no Google Ads","Frase / exata","https://bewild.com.br/portfolio/fd-next-one-vila-nova"
"fd-next-one-vila-nova","marcenaria amadeirada","Sugestão editorial; validar no Google Ads","Frase / exata","https://bewild.com.br/portfolio/fd-next-one-vila-nova"
"fd-next-one-vila-nova","banco estofado para refeições","Sugestão editorial; validar no Google Ads","Frase / exata","https://bewild.com.br/portfolio/fd-next-one-vila-nova"
"fd-next-one-vila-nova","dormitório separado","Sugestão editorial; validar no Google Ads","Frase / exata","https://bewild.com.br/portfolio/fd-next-one-vila-nova"
"fd-next-one-vila-nova","projeto 3D de interiores","Sugestão editorial; validar no Google Ads","Frase / exata","https://bewild.com.br/portfolio/fd-next-one-vila-nova"
"fd-next-one-vila-nova","reforma de studio para Airbnb","Sugestão editorial; validar no Google Ads","Frase / exata","https://bewild.com.br/portfolio/fd-next-one-vila-nova"
"fd-next-one-vila-nova","reforma de apartamento para locação por temporada","Sugestão editorial; validar no Google Ads","Frase / exata","https://bewild.com.br/portfolio/fd-next-one-vila-nova"
"fd-next-one-vila-nova","reforma turnkey de studio","Sugestão editorial; validar no Google Ads","Frase / exata","https://bewild.com.br/portfolio/fd-next-one-vila-nova"
"fd-next-one-vila-nova","reforma de apartamento em Jardim Paulista","Sugestão editorial; validar no Google Ads","Frase / exata","https://bewild.com.br/portfolio/fd-next-one-vila-nova"
"rs-sergipe-boutique","Sergipe Boutique","Sugestão editorial; validar no Google Ads","Frase / exata","https://bewild.com.br/portfolio/rs-sergipe-boutique"
"rs-sergipe-boutique","cozinha linear","Sugestão editorial; validar no Google Ads","Frase / exata","https://bewild.com.br/portfolio/rs-sergipe-boutique"
"rs-sergipe-boutique","marcenaria azul","Sugestão editorial; validar no Google Ads","Frase / exata","https://bewild.com.br/portfolio/rs-sergipe-boutique"
"rs-sergipe-boutique","cabeceira azul","Sugestão editorial; validar no Google Ads","Frase / exata","https://bewild.com.br/portfolio/rs-sergipe-boutique"
"rs-sergipe-boutique","bancada para refeições e trabalho","Sugestão editorial; validar no Google Ads","Frase / exata","https://bewild.com.br/portfolio/rs-sergipe-boutique"
"rs-sergipe-boutique","iluminação linear","Sugestão editorial; validar no Google Ads","Frase / exata","https://bewild.com.br/portfolio/rs-sergipe-boutique"
"rs-sergipe-boutique","interiores em render 3D","Sugestão editorial; validar no Google Ads","Frase / exata","https://bewild.com.br/portfolio/rs-sergipe-boutique"
"rs-sergipe-boutique","reforma de studio para Airbnb","Sugestão editorial; validar no Google Ads","Frase / exata","https://bewild.com.br/portfolio/rs-sergipe-boutique"
"rs-sergipe-boutique","reforma de apartamento para locação por temporada","Sugestão editorial; validar no Google Ads","Frase / exata","https://bewild.com.br/portfolio/rs-sergipe-boutique"
"rs-sergipe-boutique","reforma turnkey de studio","Sugestão editorial; validar no Google Ads","Frase / exata","https://bewild.com.br/portfolio/rs-sergipe-boutique"
"ea-zip-brooklin","Zip Brooklin","Sugestão editorial; validar no Google Ads","Frase / exata","https://bewild.com.br/portfolio/ea-zip-brooklin"
"ea-zip-brooklin","estúdio no Brooklin","Sugestão editorial; validar no Google Ads","Frase / exata","https://bewild.com.br/portfolio/ea-zip-brooklin"
"ea-zip-brooklin","cozinha linear","Sugestão editorial; validar no Google Ads","Frase / exata","https://bewild.com.br/portfolio/ea-zip-brooklin"
"ea-zip-brooklin","tons terrosos","Sugestão editorial; validar no Google Ads","Frase / exata","https://bewild.com.br/portfolio/ea-zip-brooklin"
"ea-zip-brooklin","painel amadeirado","Sugestão editorial; validar no Google Ads","Frase / exata","https://bewild.com.br/portfolio/ea-zip-brooklin"
"ea-zip-brooklin","mesa redonda","Sugestão editorial; validar no Google Ads","Frase / exata","https://bewild.com.br/portfolio/ea-zip-brooklin"
"ea-zip-brooklin","iluminação linear","Sugestão editorial; validar no Google Ads","Frase / exata","https://bewild.com.br/portfolio/ea-zip-brooklin"
"ea-zip-brooklin","reforma de studio para Airbnb","Sugestão editorial; validar no Google Ads","Frase / exata","https://bewild.com.br/portfolio/ea-zip-brooklin"
"ea-zip-brooklin","reforma de apartamento para locação por temporada","Sugestão editorial; validar no Google Ads","Frase / exata","https://bewild.com.br/portfolio/ea-zip-brooklin"
"ea-zip-brooklin","reforma turnkey de studio","Sugestão editorial; validar no Google Ads","Frase / exata","https://bewild.com.br/portfolio/ea-zip-brooklin"
"ea-zip-brooklin","reforma de apartamento em Brooklin","Sugestão editorial; validar no Google Ads","Frase / exata","https://bewild.com.br/portfolio/ea-zip-brooklin"
"ml-nurban-vila-madalena","Nurban Vila Madalena","Sugestão editorial; validar no Google Ads","Frase / exata","https://bewild.com.br/portfolio/ml-nurban-vila-madalena"
"ml-nurban-vila-madalena","proposta de interiores","Sugestão editorial; validar no Google Ads","Frase / exata","https://bewild.com.br/portfolio/ml-nurban-vila-madalena"
"ml-nurban-vila-madalena","marcenaria azul-escura","Sugestão editorial; validar no Google Ads","Frase / exata","https://bewild.com.br/portfolio/ml-nurban-vila-madalena"
"ml-nurban-vila-madalena","bancada de trabalho","Sugestão editorial; validar no Google Ads","Frase / exata","https://bewild.com.br/portfolio/ml-nurban-vila-madalena"
"ml-nurban-vila-madalena","TV suspensa","Sugestão editorial; validar no Google Ads","Frase / exata","https://bewild.com.br/portfolio/ml-nurban-vila-madalena"
"ml-nurban-vila-madalena","terraço com rede","Sugestão editorial; validar no Google Ads","Frase / exata","https://bewild.com.br/portfolio/ml-nurban-vila-madalena"
"ml-nurban-vila-madalena","visualizações 3D","Sugestão editorial; validar no Google Ads","Frase / exata","https://bewild.com.br/portfolio/ml-nurban-vila-madalena"
"ml-nurban-vila-madalena","reforma de studio para Airbnb","Sugestão editorial; validar no Google Ads","Frase / exata","https://bewild.com.br/portfolio/ml-nurban-vila-madalena"
"ml-nurban-vila-madalena","reforma de apartamento para locação por temporada","Sugestão editorial; validar no Google Ads","Frase / exata","https://bewild.com.br/portfolio/ml-nurban-vila-madalena"
"ml-nurban-vila-madalena","reforma turnkey de studio","Sugestão editorial; validar no Google Ads","Frase / exata","https://bewild.com.br/portfolio/ml-nurban-vila-madalena"
"ml-nurban-vila-madalena","reforma de apartamento em Vila Madalena","Sugestão editorial; validar no Google Ads","Frase / exata","https://bewild.com.br/portfolio/ml-nurban-vila-madalena"
"fp-nex-one-vila-nova","Nex One Vila Nova","Sugestão editorial; validar no Google Ads","Frase / exata","https://bewild.com.br/portfolio/fp-nex-one-vila-nova"
"fp-nex-one-vila-nova","projeto de interiores 3D","Sugestão editorial; validar no Google Ads","Frase / exata","https://bewild.com.br/portfolio/fp-nex-one-vila-nova"
"fp-nex-one-vila-nova","cozinha com armários escuros","Sugestão editorial; validar no Google Ads","Frase / exata","https://bewild.com.br/portfolio/fp-nex-one-vila-nova"
"fp-nex-one-vila-nova","bancada de trabalho e refeições","Sugestão editorial; validar no Google Ads","Frase / exata","https://bewild.com.br/portfolio/fp-nex-one-vila-nova"
"fp-nex-one-vila-nova","marcenaria amadeirada","Sugestão editorial; validar no Google Ads","Frase / exata","https://bewild.com.br/portfolio/fp-nex-one-vila-nova"
"fp-nex-one-vila-nova","parede verde","Sugestão editorial; validar no Google Ads","Frase / exata","https://bewild.com.br/portfolio/fp-nex-one-vila-nova"
"fp-nex-one-vila-nova","dormitório separado","Sugestão editorial; validar no Google Ads","Frase / exata","https://bewild.com.br/portfolio/fp-nex-one-vila-nova"
"fp-nex-one-vila-nova","reforma de studio para Airbnb","Sugestão editorial; validar no Google Ads","Frase / exata","https://bewild.com.br/portfolio/fp-nex-one-vila-nova"
"fp-nex-one-vila-nova","reforma de apartamento para locação por temporada","Sugestão editorial; validar no Google Ads","Frase / exata","https://bewild.com.br/portfolio/fp-nex-one-vila-nova"
"fp-nex-one-vila-nova","reforma turnkey de studio","Sugestão editorial; validar no Google Ads","Frase / exata","https://bewild.com.br/portfolio/fp-nex-one-vila-nova"
"kd-now-butanta","Now Butantã","Sugestão editorial; validar no Google Ads","Frase / exata","https://bewild.com.br/portfolio/kd-now-butanta"
"kd-now-butanta","proposta de interiores","Sugestão editorial; validar no Google Ads","Frase / exata","https://bewild.com.br/portfolio/kd-now-butanta"
"kd-now-butanta","estar e cozinha conectados","Sugestão editorial; validar no Google Ads","Frase / exata","https://bewild.com.br/portfolio/kd-now-butanta"
"kd-now-butanta","marcenaria grafite","Sugestão editorial; validar no Google Ads","Frase / exata","https://bewild.com.br/portfolio/kd-now-butanta"
"kd-now-butanta","painel amadeirado","Sugestão editorial; validar no Google Ads","Frase / exata","https://bewild.com.br/portfolio/kd-now-butanta"
"kd-now-butanta","parede azul acinzentada","Sugestão editorial; validar no Google Ads","Frase / exata","https://bewild.com.br/portfolio/kd-now-butanta"
"kd-now-butanta","espelho circular iluminado","Sugestão editorial; validar no Google Ads","Frase / exata","https://bewild.com.br/portfolio/kd-now-butanta"
"kd-now-butanta","reforma de studio para Airbnb","Sugestão editorial; validar no Google Ads","Frase / exata","https://bewild.com.br/portfolio/kd-now-butanta"
"kd-now-butanta","reforma de apartamento para locação por temporada","Sugestão editorial; validar no Google Ads","Frase / exata","https://bewild.com.br/portfolio/kd-now-butanta"
"kd-now-butanta","reforma turnkey de studio","Sugestão editorial; validar no Google Ads","Frase / exata","https://bewild.com.br/portfolio/kd-now-butanta"
"vg-essential-perdizes-by-one","Essential Perdizes By One","Sugestão editorial; validar no Google Ads","Frase / exata","https://bewild.com.br/portfolio/vg-essential-perdizes-by-one"
"vg-essential-perdizes-by-one","proposta de interiores","Sugestão editorial; validar no Google Ads","Frase / exata","https://bewild.com.br/portfolio/vg-essential-perdizes-by-one"
"vg-essential-perdizes-by-one","marcenaria cinza e amadeirada","Sugestão editorial; validar no Google Ads","Frase / exata","https://bewild.com.br/portfolio/vg-essential-perdizes-by-one"
"vg-essential-perdizes-by-one","cozinha linear","Sugestão editorial; validar no Google Ads","Frase / exata","https://bewild.com.br/portfolio/vg-essential-perdizes-by-one"
"vg-essential-perdizes-by-one","bancada com dois assentos","Sugestão editorial; validar no Google Ads","Frase / exata","https://bewild.com.br/portfolio/vg-essential-perdizes-by-one"
"vg-essential-perdizes-by-one","armário de roupas","Sugestão editorial; validar no Google Ads","Frase / exata","https://bewild.com.br/portfolio/vg-essential-perdizes-by-one"
"vg-essential-perdizes-by-one","visualização 3D","Sugestão editorial; validar no Google Ads","Frase / exata","https://bewild.com.br/portfolio/vg-essential-perdizes-by-one"
"vg-essential-perdizes-by-one","reforma de studio para Airbnb","Sugestão editorial; validar no Google Ads","Frase / exata","https://bewild.com.br/portfolio/vg-essential-perdizes-by-one"
"vg-essential-perdizes-by-one","reforma de apartamento para locação por temporada","Sugestão editorial; validar no Google Ads","Frase / exata","https://bewild.com.br/portfolio/vg-essential-perdizes-by-one"
"vg-essential-perdizes-by-one","reforma turnkey de studio","Sugestão editorial; validar no Google Ads","Frase / exata","https://bewild.com.br/portfolio/vg-essential-perdizes-by-one"
"rs-metro-casa-9-de-julho","Metro Casa 9 de Julho","Sugestão editorial; validar no Google Ads","Frase / exata","https://bewild.com.br/portfolio/rs-metro-casa-9-de-julho"
"rs-metro-casa-9-de-julho","cozinha linear","Sugestão editorial; validar no Google Ads","Frase / exata","https://bewild.com.br/portfolio/rs-metro-casa-9-de-julho"
"rs-metro-casa-9-de-julho","marcenaria clara","Sugestão editorial; validar no Google Ads","Frase / exata","https://bewild.com.br/portfolio/rs-metro-casa-9-de-julho"
"rs-metro-casa-9-de-julho","mesa redonda","Sugestão editorial; validar no Google Ads","Frase / exata","https://bewild.com.br/portfolio/rs-metro-casa-9-de-julho"
"rs-metro-casa-9-de-julho","bancada de trabalho","Sugestão editorial; validar no Google Ads","Frase / exata","https://bewild.com.br/portfolio/rs-metro-casa-9-de-julho"
"rs-metro-casa-9-de-julho","armários suspensos","Sugestão editorial; validar no Google Ads","Frase / exata","https://bewild.com.br/portfolio/rs-metro-casa-9-de-julho"
"rs-metro-casa-9-de-julho","espelhos de piso a teto","Sugestão editorial; validar no Google Ads","Frase / exata","https://bewild.com.br/portfolio/rs-metro-casa-9-de-julho"
"rs-metro-casa-9-de-julho","projeto de interiores","Sugestão editorial; validar no Google Ads","Frase / exata","https://bewild.com.br/portfolio/rs-metro-casa-9-de-julho"
"rs-metro-casa-9-de-julho","reforma de studio para Airbnb","Sugestão editorial; validar no Google Ads","Frase / exata","https://bewild.com.br/portfolio/rs-metro-casa-9-de-julho"
"rs-metro-casa-9-de-julho","reforma de apartamento para locação por temporada","Sugestão editorial; validar no Google Ads","Frase / exata","https://bewild.com.br/portfolio/rs-metro-casa-9-de-julho"
"rs-metro-casa-9-de-julho","reforma turnkey de studio","Sugestão editorial; validar no Google Ads","Frase / exata","https://bewild.com.br/portfolio/rs-metro-casa-9-de-julho"
"tv-s-level-brooklin","Level Brooklin","Sugestão editorial; validar no Google Ads","Frase / exata","https://bewild.com.br/portfolio/tv-s-level-brooklin"
"tv-s-level-brooklin","projeto de interiores em 3D","Sugestão editorial; validar no Google Ads","Frase / exata","https://bewild.com.br/portfolio/tv-s-level-brooklin"
"tv-s-level-brooklin","cozinha linear","Sugestão editorial; validar no Google Ads","Frase / exata","https://bewild.com.br/portfolio/tv-s-level-brooklin"
"tv-s-level-brooklin","marcenaria bege","Sugestão editorial; validar no Google Ads","Frase / exata","https://bewild.com.br/portfolio/tv-s-level-brooklin"
"tv-s-level-brooklin","armário espelhado","Sugestão editorial; validar no Google Ads","Frase / exata","https://bewild.com.br/portfolio/tv-s-level-brooklin"
"tv-s-level-brooklin","mesa para dois","Sugestão editorial; validar no Google Ads","Frase / exata","https://bewild.com.br/portfolio/tv-s-level-brooklin"
"tv-s-level-brooklin","bancada escura pontilhada","Sugestão editorial; validar no Google Ads","Frase / exata","https://bewild.com.br/portfolio/tv-s-level-brooklin"
"tv-s-level-brooklin","reforma de studio para Airbnb","Sugestão editorial; validar no Google Ads","Frase / exata","https://bewild.com.br/portfolio/tv-s-level-brooklin"
"tv-s-level-brooklin","reforma de apartamento para locação por temporada","Sugestão editorial; validar no Google Ads","Frase / exata","https://bewild.com.br/portfolio/tv-s-level-brooklin"
"tv-s-level-brooklin","reforma turnkey de studio","Sugestão editorial; validar no Google Ads","Frase / exata","https://bewild.com.br/portfolio/tv-s-level-brooklin"
"rb-cyrela-for-you-perdizes","Cyrela For You Perdizes","Sugestão editorial; validar no Google Ads","Frase / exata","https://bewild.com.br/portfolio/rb-cyrela-for-you-perdizes"
"rb-cyrela-for-you-perdizes","proposta de interiores","Sugestão editorial; validar no Google Ads","Frase / exata","https://bewild.com.br/portfolio/rb-cyrela-for-you-perdizes"
"rb-cyrela-for-you-perdizes","marcenaria amadeirada","Sugestão editorial; validar no Google Ads","Frase / exata","https://bewild.com.br/portfolio/rb-cyrela-for-you-perdizes"
"rb-cyrela-for-you-perdizes","cozinha com nicho aberto","Sugestão editorial; validar no Google Ads","Frase / exata","https://bewild.com.br/portfolio/rb-cyrela-for-you-perdizes"
"rb-cyrela-for-you-perdizes","bancada de trabalho e refeições","Sugestão editorial; validar no Google Ads","Frase / exata","https://bewild.com.br/portfolio/rb-cyrela-for-you-perdizes"
"rb-cyrela-for-you-perdizes","cabeceira iluminada","Sugestão editorial; validar no Google Ads","Frase / exata","https://bewild.com.br/portfolio/rb-cyrela-for-you-perdizes"
"rb-cyrela-for-you-perdizes","cabideiro aberto","Sugestão editorial; validar no Google Ads","Frase / exata","https://bewild.com.br/portfolio/rb-cyrela-for-you-perdizes"
"rb-cyrela-for-you-perdizes","reforma de studio para Airbnb","Sugestão editorial; validar no Google Ads","Frase / exata","https://bewild.com.br/portfolio/rb-cyrela-for-you-perdizes"
"rb-cyrela-for-you-perdizes","reforma de apartamento para locação por temporada","Sugestão editorial; validar no Google Ads","Frase / exata","https://bewild.com.br/portfolio/rb-cyrela-for-you-perdizes"
"rb-cyrela-for-you-perdizes","reforma turnkey de studio","Sugestão editorial; validar no Google Ads","Frase / exata","https://bewild.com.br/portfolio/rb-cyrela-for-you-perdizes"
"prg-metrocasa-berrini","Metrocasa Berrini","Sugestão editorial; validar no Google Ads","Frase / exata","https://bewild.com.br/portfolio/prg-metrocasa-berrini"
"prg-metrocasa-berrini","proposta de interiores","Sugestão editorial; validar no Google Ads","Frase / exata","https://bewild.com.br/portfolio/prg-metrocasa-berrini"
"prg-metrocasa-berrini","marcenaria amadeirada","Sugestão editorial; validar no Google Ads","Frase / exata","https://bewild.com.br/portfolio/prg-metrocasa-berrini"
"prg-metrocasa-berrini","cozinha cinza","Sugestão editorial; validar no Google Ads","Frase / exata","https://bewild.com.br/portfolio/prg-metrocasa-berrini"
"prg-metrocasa-berrini","bancada de trabalho","Sugestão editorial; validar no Google Ads","Frase / exata","https://bewild.com.br/portfolio/prg-metrocasa-berrini"
"prg-metrocasa-berrini","mesa redonda","Sugestão editorial; validar no Google Ads","Frase / exata","https://bewild.com.br/portfolio/prg-metrocasa-berrini"
"prg-metrocasa-berrini","iluminação linear","Sugestão editorial; validar no Google Ads","Frase / exata","https://bewild.com.br/portfolio/prg-metrocasa-berrini"
"prg-metrocasa-berrini","reforma de studio para Airbnb","Sugestão editorial; validar no Google Ads","Frase / exata","https://bewild.com.br/portfolio/prg-metrocasa-berrini"
"prg-metrocasa-berrini","reforma de apartamento para locação por temporada","Sugestão editorial; validar no Google Ads","Frase / exata","https://bewild.com.br/portfolio/prg-metrocasa-berrini"
"prg-metrocasa-berrini","reforma turnkey de studio","Sugestão editorial; validar no Google Ads","Frase / exata","https://bewild.com.br/portfolio/prg-metrocasa-berrini"
"am-maceio88-higienopolis","Maceio88","Sugestão editorial; validar no Google Ads","Frase / exata","https://bewild.com.br/portfolio/am-maceio88-higienopolis"
"am-maceio88-higienopolis","Higienópolis","Sugestão editorial; validar no Google Ads","Frase / exata","https://bewild.com.br/portfolio/am-maceio88-higienopolis"
"am-maceio88-higienopolis","proposta de interiores","Sugestão editorial; validar no Google Ads","Frase / exata","https://bewild.com.br/portfolio/am-maceio88-higienopolis"
"am-maceio88-higienopolis","marcenaria amadeirada clara","Sugestão editorial; validar no Google Ads","Frase / exata","https://bewild.com.br/portfolio/am-maceio88-higienopolis"
"am-maceio88-higienopolis","cozinha com bancada escura","Sugestão editorial; validar no Google Ads","Frase / exata","https://bewild.com.br/portfolio/am-maceio88-higienopolis"
"am-maceio88-higienopolis","estar e descanso","Sugestão editorial; validar no Google Ads","Frase / exata","https://bewild.com.br/portfolio/am-maceio88-higienopolis"
"am-maceio88-higienopolis","visualizações 3D","Sugestão editorial; validar no Google Ads","Frase / exata","https://bewild.com.br/portfolio/am-maceio88-higienopolis"
"am-maceio88-higienopolis","reforma de studio para Airbnb","Sugestão editorial; validar no Google Ads","Frase / exata","https://bewild.com.br/portfolio/am-maceio88-higienopolis"
"am-maceio88-higienopolis","reforma de apartamento para locação por temporada","Sugestão editorial; validar no Google Ads","Frase / exata","https://bewild.com.br/portfolio/am-maceio88-higienopolis"
"am-maceio88-higienopolis","reforma turnkey de studio","Sugestão editorial; validar no Google Ads","Frase / exata","https://bewild.com.br/portfolio/am-maceio88-higienopolis"
"am-maceio88-higienopolis","reforma de apartamento em Higienópolis","Sugestão editorial; validar no Google Ads","Frase / exata","https://bewild.com.br/portfolio/am-maceio88-higienopolis"
"ra-soma-perdizes","Soma Perdizes","Sugestão editorial; validar no Google Ads","Frase / exata","https://bewild.com.br/portfolio/ra-soma-perdizes"
"ra-soma-perdizes","cozinha linear","Sugestão editorial; validar no Google Ads","Frase / exata","https://bewild.com.br/portfolio/ra-soma-perdizes"
"ra-soma-perdizes","marcenaria amadeirada","Sugestão editorial; validar no Google Ads","Frase / exata","https://bewild.com.br/portfolio/ra-soma-perdizes"
"ra-soma-perdizes","bancada para refeições e trabalho","Sugestão editorial; validar no Google Ads","Frase / exata","https://bewild.com.br/portfolio/ra-soma-perdizes"
"ra-soma-perdizes","armário espelhado","Sugestão editorial; validar no Google Ads","Frase / exata","https://bewild.com.br/portfolio/ra-soma-perdizes"
"ra-soma-perdizes","cabeceira com luz indireta","Sugestão editorial; validar no Google Ads","Frase / exata","https://bewild.com.br/portfolio/ra-soma-perdizes"
"ra-soma-perdizes","projeto de interiores em 3D","Sugestão editorial; validar no Google Ads","Frase / exata","https://bewild.com.br/portfolio/ra-soma-perdizes"
"ra-soma-perdizes","reforma de studio para Airbnb","Sugestão editorial; validar no Google Ads","Frase / exata","https://bewild.com.br/portfolio/ra-soma-perdizes"
"ra-soma-perdizes","reforma de apartamento para locação por temporada","Sugestão editorial; validar no Google Ads","Frase / exata","https://bewild.com.br/portfolio/ra-soma-perdizes"
"ra-soma-perdizes","reforma turnkey de studio","Sugestão editorial; validar no Google Ads","Frase / exata","https://bewild.com.br/portfolio/ra-soma-perdizes"
"mrfb-level-brooklin","Level Brooklin","Sugestão editorial; validar no Google Ads","Frase / exata","https://bewild.com.br/portfolio/mrfb-level-brooklin"
"mrfb-level-brooklin","projeto de interiores","Sugestão editorial; validar no Google Ads","Frase / exata","https://bewild.com.br/portfolio/mrfb-level-brooklin"
"mrfb-level-brooklin","marcenaria cinza","Sugestão editorial; validar no Google Ads","Frase / exata","https://bewild.com.br/portfolio/mrfb-level-brooklin"
"mrfb-level-brooklin","cozinha linear","Sugestão editorial; validar no Google Ads","Frase / exata","https://bewild.com.br/portfolio/mrfb-level-brooklin"
"mrfb-level-brooklin","cabeceira iluminada","Sugestão editorial; validar no Google Ads","Frase / exata","https://bewild.com.br/portfolio/mrfb-level-brooklin"
"mrfb-level-brooklin","varanda com mesa","Sugestão editorial; validar no Google Ads","Frase / exata","https://bewild.com.br/portfolio/mrfb-level-brooklin"
"mrfb-level-brooklin","visualizações 3D","Sugestão editorial; validar no Google Ads","Frase / exata","https://bewild.com.br/portfolio/mrfb-level-brooklin"
"mrfb-level-brooklin","reforma de studio para Airbnb","Sugestão editorial; validar no Google Ads","Frase / exata","https://bewild.com.br/portfolio/mrfb-level-brooklin"
"mrfb-level-brooklin","reforma de apartamento para locação por temporada","Sugestão editorial; validar no Google Ads","Frase / exata","https://bewild.com.br/portfolio/mrfb-level-brooklin"
"mrfb-level-brooklin","reforma turnkey de studio","Sugestão editorial; validar no Google Ads","Frase / exata","https://bewild.com.br/portfolio/mrfb-level-brooklin"
"rkj-le-jardin-cyrela-by-yoo","Le Jardin Cyrela By Yoo","Sugestão editorial; validar no Google Ads","Frase / exata","https://bewild.com.br/portfolio/rkj-le-jardin-cyrela-by-yoo"
"rkj-le-jardin-cyrela-by-yoo","proposta de interiores","Sugestão editorial; validar no Google Ads","Frase / exata","https://bewild.com.br/portfolio/rkj-le-jardin-cyrela-by-yoo"
"rkj-le-jardin-cyrela-by-yoo","marcenaria amadeirada","Sugestão editorial; validar no Google Ads","Frase / exata","https://bewild.com.br/portfolio/rkj-le-jardin-cyrela-by-yoo"
"rkj-le-jardin-cyrela-by-yoo","armário espelhado","Sugestão editorial; validar no Google Ads","Frase / exata","https://bewild.com.br/portfolio/rkj-le-jardin-cyrela-by-yoo"
"rkj-le-jardin-cyrela-by-yoo","cozinha linear","Sugestão editorial; validar no Google Ads","Frase / exata","https://bewild.com.br/portfolio/rkj-le-jardin-cyrela-by-yoo"
"rkj-le-jardin-cyrela-by-yoo","bancada junto à cama","Sugestão editorial; validar no Google Ads","Frase / exata","https://bewild.com.br/portfolio/rkj-le-jardin-cyrela-by-yoo"
"rkj-le-jardin-cyrela-by-yoo","varanda com painel verde","Sugestão editorial; validar no Google Ads","Frase / exata","https://bewild.com.br/portfolio/rkj-le-jardin-cyrela-by-yoo"
"rkj-le-jardin-cyrela-by-yoo","reforma de studio para Airbnb","Sugestão editorial; validar no Google Ads","Frase / exata","https://bewild.com.br/portfolio/rkj-le-jardin-cyrela-by-yoo"
"rkj-le-jardin-cyrela-by-yoo","reforma de apartamento para locação por temporada","Sugestão editorial; validar no Google Ads","Frase / exata","https://bewild.com.br/portfolio/rkj-le-jardin-cyrela-by-yoo"
"rkj-le-jardin-cyrela-by-yoo","reforma turnkey de studio","Sugestão editorial; validar no Google Ads","Frase / exata","https://bewild.com.br/portfolio/rkj-le-jardin-cyrela-by-yoo"
"ta-metrocasa-berrini","Metrocasa Berrini","Sugestão editorial; validar no Google Ads","Frase / exata","https://bewild.com.br/portfolio/ta-metrocasa-berrini"
"ta-metrocasa-berrini","projeto de interiores","Sugestão editorial; validar no Google Ads","Frase / exata","https://bewild.com.br/portfolio/ta-metrocasa-berrini"
"ta-metrocasa-berrini","marcenaria amadeirada","Sugestão editorial; validar no Google Ads","Frase / exata","https://bewild.com.br/portfolio/ta-metrocasa-berrini"
"ta-metrocasa-berrini","bancada de trabalho","Sugestão editorial; validar no Google Ads","Frase / exata","https://bewild.com.br/portfolio/ta-metrocasa-berrini"
"ta-metrocasa-berrini","armário espelhado","Sugestão editorial; validar no Google Ads","Frase / exata","https://bewild.com.br/portfolio/ta-metrocasa-berrini"
"ta-metrocasa-berrini","cozinha linear","Sugestão editorial; validar no Google Ads","Frase / exata","https://bewild.com.br/portfolio/ta-metrocasa-berrini"
"ta-metrocasa-berrini","painel de cabeceira","Sugestão editorial; validar no Google Ads","Frase / exata","https://bewild.com.br/portfolio/ta-metrocasa-berrini"
"ta-metrocasa-berrini","reforma de studio para Airbnb","Sugestão editorial; validar no Google Ads","Frase / exata","https://bewild.com.br/portfolio/ta-metrocasa-berrini"
"ta-metrocasa-berrini","reforma de apartamento para locação por temporada","Sugestão editorial; validar no Google Ads","Frase / exata","https://bewild.com.br/portfolio/ta-metrocasa-berrini"
"ta-metrocasa-berrini","reforma turnkey de studio","Sugestão editorial; validar no Google Ads","Frase / exata","https://bewild.com.br/portfolio/ta-metrocasa-berrini"
"rm-metrocasa-berrini","Metrocasa Berrini","Sugestão editorial; validar no Google Ads","Frase / exata","https://bewild.com.br/portfolio/rm-metrocasa-berrini"
"rm-metrocasa-berrini","projeto de interiores","Sugestão editorial; validar no Google Ads","Frase / exata","https://bewild.com.br/portfolio/rm-metrocasa-berrini"
"rm-metrocasa-berrini","cozinha linear","Sugestão editorial; validar no Google Ads","Frase / exata","https://bewild.com.br/portfolio/rm-metrocasa-berrini"
"rm-metrocasa-berrini","bancada de trabalho","Sugestão editorial; validar no Google Ads","Frase / exata","https://bewild.com.br/portfolio/rm-metrocasa-berrini"
"rm-metrocasa-berrini","marcenaria amadeirada","Sugestão editorial; validar no Google Ads","Frase / exata","https://bewild.com.br/portfolio/rm-metrocasa-berrini"
"rm-metrocasa-berrini","mesa na varanda","Sugestão editorial; validar no Google Ads","Frase / exata","https://bewild.com.br/portfolio/rm-metrocasa-berrini"
"rm-metrocasa-berrini","espelho irregular","Sugestão editorial; validar no Google Ads","Frase / exata","https://bewild.com.br/portfolio/rm-metrocasa-berrini"
"rm-metrocasa-berrini","reforma de studio para Airbnb","Sugestão editorial; validar no Google Ads","Frase / exata","https://bewild.com.br/portfolio/rm-metrocasa-berrini"
"rm-metrocasa-berrini","reforma de apartamento para locação por temporada","Sugestão editorial; validar no Google Ads","Frase / exata","https://bewild.com.br/portfolio/rm-metrocasa-berrini"
"rm-metrocasa-berrini","reforma turnkey de studio","Sugestão editorial; validar no Google Ads","Frase / exata","https://bewild.com.br/portfolio/rm-metrocasa-berrini"
"ms-today-vila-mariana","Today Vila Mariana","Sugestão editorial; validar no Google Ads","Frase / exata","https://bewild.com.br/portfolio/ms-today-vila-mariana"
"ms-today-vila-mariana","interiores na Vila Mariana","Sugestão editorial; validar no Google Ads","Frase / exata","https://bewild.com.br/portfolio/ms-today-vila-mariana"
"ms-today-vila-mariana","cozinha linear","Sugestão editorial; validar no Google Ads","Frase / exata","https://bewild.com.br/portfolio/ms-today-vila-mariana"
"ms-today-vila-mariana","marcenaria cinza","Sugestão editorial; validar no Google Ads","Frase / exata","https://bewild.com.br/portfolio/ms-today-vila-mariana"
"ms-today-vila-mariana","mesa junto ao sofá","Sugestão editorial; validar no Google Ads","Frase / exata","https://bewild.com.br/portfolio/ms-today-vila-mariana"
"ms-today-vila-mariana","bancada de trabalho","Sugestão editorial; validar no Google Ads","Frase / exata","https://bewild.com.br/portfolio/ms-today-vila-mariana"
"ms-today-vila-mariana","interiores em cinza e azul","Sugestão editorial; validar no Google Ads","Frase / exata","https://bewild.com.br/portfolio/ms-today-vila-mariana"
"ms-today-vila-mariana","reforma completa de apartamento para morar","Sugestão editorial; validar no Google Ads","Frase / exata","https://bewild.com.br/portfolio/ms-today-vila-mariana"
"ms-today-vila-mariana","arquitetura de interiores para apartamento compacto","Sugestão editorial; validar no Google Ads","Frase / exata","https://bewild.com.br/portfolio/ms-today-vila-mariana"
"ms-today-vila-mariana","reforma turnkey residencial","Sugestão editorial; validar no Google Ads","Frase / exata","https://bewild.com.br/portfolio/ms-today-vila-mariana"
"ms-today-vila-mariana","reforma de apartamento em Vila Mariana","Sugestão editorial; validar no Google Ads","Frase / exata","https://bewild.com.br/portfolio/ms-today-vila-mariana"
"lf-modern-estacao-butanta","Modern Estação Butantã","Sugestão editorial; validar no Google Ads","Frase / exata","https://bewild.com.br/portfolio/lf-modern-estacao-butanta"
"lf-modern-estacao-butanta","interiores no Butantã","Sugestão editorial; validar no Google Ads","Frase / exata","https://bewild.com.br/portfolio/lf-modern-estacao-butanta"
"lf-modern-estacao-butanta","painel azul","Sugestão editorial; validar no Google Ads","Frase / exata","https://bewild.com.br/portfolio/lf-modern-estacao-butanta"
"lf-modern-estacao-butanta","marcenaria amadeirada","Sugestão editorial; validar no Google Ads","Frase / exata","https://bewild.com.br/portfolio/lf-modern-estacao-butanta"
"lf-modern-estacao-butanta","bancada multifuncional","Sugestão editorial; validar no Google Ads","Frase / exata","https://bewild.com.br/portfolio/lf-modern-estacao-butanta"
"lf-modern-estacao-butanta","guarda-roupa espelhado","Sugestão editorial; validar no Google Ads","Frase / exata","https://bewild.com.br/portfolio/lf-modern-estacao-butanta"
"lf-modern-estacao-butanta","iluminação linear","Sugestão editorial; validar no Google Ads","Frase / exata","https://bewild.com.br/portfolio/lf-modern-estacao-butanta"
"lf-modern-estacao-butanta","reforma de apartamento em Butantã","Sugestão editorial; validar no Google Ads","Frase / exata","https://bewild.com.br/portfolio/lf-modern-estacao-butanta"
"gf-wonder-ipiranga","Wonder Ipiranga","Sugestão editorial; validar no Google Ads","Frase / exata","https://bewild.com.br/portfolio/gf-wonder-ipiranga"
"gf-wonder-ipiranga","interiores no Ipiranga","Sugestão editorial; validar no Google Ads","Frase / exata","https://bewild.com.br/portfolio/gf-wonder-ipiranga"
"gf-wonder-ipiranga","cozinha verde","Sugestão editorial; validar no Google Ads","Frase / exata","https://bewild.com.br/portfolio/gf-wonder-ipiranga"
"gf-wonder-ipiranga","marcenaria amadeirada","Sugestão editorial; validar no Google Ads","Frase / exata","https://bewild.com.br/portfolio/gf-wonder-ipiranga"
"gf-wonder-ipiranga","bancada de trabalho","Sugestão editorial; validar no Google Ads","Frase / exata","https://bewild.com.br/portfolio/gf-wonder-ipiranga"
"gf-wonder-ipiranga","cabeceira verde","Sugestão editorial; validar no Google Ads","Frase / exata","https://bewild.com.br/portfolio/gf-wonder-ipiranga"
"gf-wonder-ipiranga","mesa na varanda","Sugestão editorial; validar no Google Ads","Frase / exata","https://bewild.com.br/portfolio/gf-wonder-ipiranga"
"gf-wonder-ipiranga","reforma de studio para Airbnb","Sugestão editorial; validar no Google Ads","Frase / exata","https://bewild.com.br/portfolio/gf-wonder-ipiranga"
"gf-wonder-ipiranga","reforma de apartamento para locação por temporada","Sugestão editorial; validar no Google Ads","Frase / exata","https://bewild.com.br/portfolio/gf-wonder-ipiranga"
"gf-wonder-ipiranga","reforma turnkey de studio","Sugestão editorial; validar no Google Ads","Frase / exata","https://bewild.com.br/portfolio/gf-wonder-ipiranga"
"gf-wonder-ipiranga","reforma de apartamento em Ipiranga","Sugestão editorial; validar no Google Ads","Frase / exata","https://bewild.com.br/portfolio/gf-wonder-ipiranga"
"pp-via-alameda","Via Alameda","Sugestão editorial; validar no Google Ads","Frase / exata","https://bewild.com.br/portfolio/pp-via-alameda"
"pp-via-alameda","projeto de escritório","Sugestão editorial; validar no Google Ads","Frase / exata","https://bewild.com.br/portfolio/pp-via-alameda"
"pp-via-alameda","arquitetura corporativa","Sugestão editorial; validar no Google Ads","Frase / exata","https://bewild.com.br/portfolio/pp-via-alameda"
"pp-via-alameda","divisória ripada","Sugestão editorial; validar no Google Ads","Frase / exata","https://bewild.com.br/portfolio/pp-via-alameda"
"pp-via-alameda","escritório com parede azul","Sugestão editorial; validar no Google Ads","Frase / exata","https://bewild.com.br/portfolio/pp-via-alameda"
"pp-via-alameda","marcenaria para escritório","Sugestão editorial; validar no Google Ads","Frase / exata","https://bewild.com.br/portfolio/pp-via-alameda"
"pp-via-alameda","área de espera","Sugestão editorial; validar no Google Ads","Frase / exata","https://bewild.com.br/portfolio/pp-via-alameda"
"pp-via-alameda","mesa compartilhada","Sugestão editorial; validar no Google Ads","Frase / exata","https://bewild.com.br/portfolio/pp-via-alameda"
"pp-via-alameda","projeto de escritório compacto","Sugestão editorial; validar no Google Ads","Frase / exata","https://bewild.com.br/portfolio/pp-via-alameda"
"pp-via-alameda","arquitetura de interiores para escritório","Sugestão editorial; validar no Google Ads","Frase / exata","https://bewild.com.br/portfolio/pp-via-alameda"
"pp-via-alameda","reforma de apartamento em Avenida Salgado Filho","Sugestão editorial; validar no Google Ads","Frase / exata","https://bewild.com.br/portfolio/pp-via-alameda"
"sp-pacoba","interiores em Cidade Jardim","Sugestão editorial; validar no Google Ads","Frase / exata","https://bewild.com.br/portfolio/sp-pacoba"
"sp-pacoba","cozinha em L","Sugestão editorial; validar no Google Ads","Frase / exata","https://bewild.com.br/portfolio/sp-pacoba"
"sp-pacoba","mesa oval","Sugestão editorial; validar no Google Ads","Frase / exata","https://bewild.com.br/portfolio/sp-pacoba"
"sp-pacoba","bancada atrás do sofá","Sugestão editorial; validar no Google Ads","Frase / exata","https://bewild.com.br/portfolio/sp-pacoba"
"sp-pacoba","painel de televisão iluminado","Sugestão editorial; validar no Google Ads","Frase / exata","https://bewild.com.br/portfolio/sp-pacoba"
"sp-pacoba","marcenaria clara","Sugestão editorial; validar no Google Ads","Frase / exata","https://bewild.com.br/portfolio/sp-pacoba"
"sp-pacoba","quarto separado","Sugestão editorial; validar no Google Ads","Frase / exata","https://bewild.com.br/portfolio/sp-pacoba"
"sp-pacoba","reforma completa de apartamento para morar","Sugestão editorial; validar no Google Ads","Frase / exata","https://bewild.com.br/portfolio/sp-pacoba"
"sp-pacoba","arquitetura de interiores para apartamento compacto","Sugestão editorial; validar no Google Ads","Frase / exata","https://bewild.com.br/portfolio/sp-pacoba"
"sp-pacoba","reforma turnkey residencial","Sugestão editorial; validar no Google Ads","Frase / exata","https://bewild.com.br/portfolio/sp-pacoba"
"sp-pacoba","reforma de apartamento em Cidade Jardim","Sugestão editorial; validar no Google Ads","Frase / exata","https://bewild.com.br/portfolio/sp-pacoba"
"rs-my-one-estacao-japao-liberdade","My One Estação Japão Liberdade","Sugestão editorial; validar no Google Ads","Frase / exata","https://bewild.com.br/portfolio/rs-my-one-estacao-japao-liberdade"
"rs-my-one-estacao-japao-liberdade","studio na Liberdade","Sugestão editorial; validar no Google Ads","Frase / exata","https://bewild.com.br/portfolio/rs-my-one-estacao-japao-liberdade"
"rs-my-one-estacao-japao-liberdade","estante vazada","Sugestão editorial; validar no Google Ads","Frase / exata","https://bewild.com.br/portfolio/rs-my-one-estacao-japao-liberdade"
"rs-my-one-estacao-japao-liberdade","marcenaria amadeirada","Sugestão editorial; validar no Google Ads","Frase / exata","https://bewild.com.br/portfolio/rs-my-one-estacao-japao-liberdade"
"rs-my-one-estacao-japao-liberdade","bancada de trabalho","Sugestão editorial; validar no Google Ads","Frase / exata","https://bewild.com.br/portfolio/rs-my-one-estacao-japao-liberdade"
"rs-my-one-estacao-japao-liberdade","cozinha linear","Sugestão editorial; validar no Google Ads","Frase / exata","https://bewild.com.br/portfolio/rs-my-one-estacao-japao-liberdade"
"rs-my-one-estacao-japao-liberdade","projeto de interiores","Sugestão editorial; validar no Google Ads","Frase / exata","https://bewild.com.br/portfolio/rs-my-one-estacao-japao-liberdade"
"rs-my-one-estacao-japao-liberdade","reforma de studio para Airbnb","Sugestão editorial; validar no Google Ads","Frase / exata","https://bewild.com.br/portfolio/rs-my-one-estacao-japao-liberdade"
"rs-my-one-estacao-japao-liberdade","reforma de apartamento para locação por temporada","Sugestão editorial; validar no Google Ads","Frase / exata","https://bewild.com.br/portfolio/rs-my-one-estacao-japao-liberdade"
"rs-my-one-estacao-japao-liberdade","reforma turnkey de studio","Sugestão editorial; validar no Google Ads","Frase / exata","https://bewild.com.br/portfolio/rs-my-one-estacao-japao-liberdade"
"rs-my-one-estacao-japao-liberdade","reforma de apartamento em Liberdade","Sugestão editorial; validar no Google Ads","Frase / exata","https://bewild.com.br/portfolio/rs-my-one-estacao-japao-liberdade"
"fp-cyrela-by-you-perdizes","reforma studio perdizes","Sugestão editorial; validar no Google Ads","Frase / exata","https://bewild.com.br/portfolio/fp-cyrela-by-you-perdizes"
"fp-cyrela-by-you-perdizes","cyrela by you perdizes reforma","Sugestão editorial; validar no Google Ads","Frase / exata","https://bewild.com.br/portfolio/fp-cyrela-by-you-perdizes"
"fp-cyrela-by-you-perdizes","marcenaria studio perdizes","Sugestão editorial; validar no Google Ads","Frase / exata","https://bewild.com.br/portfolio/fp-cyrela-by-you-perdizes"
"fp-cyrela-by-you-perdizes","studio com cabeceira iluminada","Sugestão editorial; validar no Google Ads","Frase / exata","https://bewild.com.br/portfolio/fp-cyrela-by-you-perdizes"
"fp-cyrela-by-you-perdizes","empresa de reforma perdizes","Sugestão editorial; validar no Google Ads","Frase / exata","https://bewild.com.br/portfolio/fp-cyrela-by-you-perdizes"
"fp-cyrela-by-you-perdizes","reforma de studio para locação","Sugestão editorial; validar no Google Ads","Frase / exata","https://bewild.com.br/portfolio/fp-cyrela-by-you-perdizes"
"fp-cyrela-by-you-perdizes","reforma apartamento para Airbnb","Sugestão editorial; validar no Google Ads","Frase / exata","https://bewild.com.br/portfolio/fp-cyrela-by-you-perdizes"
"fd-nex-one-vila-nova","NEX ONE Vila Nova","Sugestão editorial; validar no Google Ads","Frase / exata","https://bewild.com.br/portfolio/fd-nex-one-vila-nova"
"fd-nex-one-vila-nova","Jardim Paulista","Sugestão editorial; validar no Google Ads","Frase / exata","https://bewild.com.br/portfolio/fd-nex-one-vila-nova"
"fd-nex-one-vila-nova","projeto de interiores","Sugestão editorial; validar no Google Ads","Frase / exata","https://bewild.com.br/portfolio/fd-nex-one-vila-nova"
"fd-nex-one-vila-nova","cozinha linear","Sugestão editorial; validar no Google Ads","Frase / exata","https://bewild.com.br/portfolio/fd-nex-one-vila-nova"
"fd-nex-one-vila-nova","marcenaria amadeirada","Sugestão editorial; validar no Google Ads","Frase / exata","https://bewild.com.br/portfolio/fd-nex-one-vila-nova"
"fd-nex-one-vila-nova","banco para refeições","Sugestão editorial; validar no Google Ads","Frase / exata","https://bewild.com.br/portfolio/fd-nex-one-vila-nova"
"fd-nex-one-vila-nova","quarto separado","Sugestão editorial; validar no Google Ads","Frase / exata","https://bewild.com.br/portfolio/fd-nex-one-vila-nova"
"fd-nex-one-vila-nova","visualizações 3D","Sugestão editorial; validar no Google Ads","Frase / exata","https://bewild.com.br/portfolio/fd-nex-one-vila-nova"
"fd-nex-one-vila-nova","reforma de studio para Airbnb","Sugestão editorial; validar no Google Ads","Frase / exata","https://bewild.com.br/portfolio/fd-nex-one-vila-nova"
"fd-nex-one-vila-nova","reforma de apartamento para locação por temporada","Sugestão editorial; validar no Google Ads","Frase / exata","https://bewild.com.br/portfolio/fd-nex-one-vila-nova"
"fd-nex-one-vila-nova","reforma turnkey de studio","Sugestão editorial; validar no Google Ads","Frase / exata","https://bewild.com.br/portfolio/fd-nex-one-vila-nova"
"fd-nex-one-vila-nova","reforma de apartamento em Jardim Paulista","Sugestão editorial; validar no Google Ads","Frase / exata","https://bewild.com.br/portfolio/fd-nex-one-vila-nova"
"rs-sergipe-boutique-apartments-by-you","Sergipe Boutique Apartments by You","Sugestão editorial; validar no Google Ads","Frase / exata","https://bewild.com.br/portfolio/rs-sergipe-boutique-apartments-by-you"
"rs-sergipe-boutique-apartments-by-you","Consolação","Sugestão editorial; validar no Google Ads","Frase / exata","https://bewild.com.br/portfolio/rs-sergipe-boutique-apartments-by-you"
"rs-sergipe-boutique-apartments-by-you","cozinha linear","Sugestão editorial; validar no Google Ads","Frase / exata","https://bewild.com.br/portfolio/rs-sergipe-boutique-apartments-by-you"
"rs-sergipe-boutique-apartments-by-you","marcenaria azul","Sugestão editorial; validar no Google Ads","Frase / exata","https://bewild.com.br/portfolio/rs-sergipe-boutique-apartments-by-you"
"rs-sergipe-boutique-apartments-by-you","acabamento amadeirado","Sugestão editorial; validar no Google Ads","Frase / exata","https://bewild.com.br/portfolio/rs-sergipe-boutique-apartments-by-you"
"rs-sergipe-boutique-apartments-by-you","bancada para refeições e trabalho","Sugestão editorial; validar no Google Ads","Frase / exata","https://bewild.com.br/portfolio/rs-sergipe-boutique-apartments-by-you"
"rs-sergipe-boutique-apartments-by-you","cabeceira azul","Sugestão editorial; validar no Google Ads","Frase / exata","https://bewild.com.br/portfolio/rs-sergipe-boutique-apartments-by-you"
"rs-sergipe-boutique-apartments-by-you","projeto de interiores","Sugestão editorial; validar no Google Ads","Frase / exata","https://bewild.com.br/portfolio/rs-sergipe-boutique-apartments-by-you"
"rs-sergipe-boutique-apartments-by-you","reforma de studio para Airbnb","Sugestão editorial; validar no Google Ads","Frase / exata","https://bewild.com.br/portfolio/rs-sergipe-boutique-apartments-by-you"
"rs-sergipe-boutique-apartments-by-you","reforma de apartamento para locação por temporada","Sugestão editorial; validar no Google Ads","Frase / exata","https://bewild.com.br/portfolio/rs-sergipe-boutique-apartments-by-you"
"rs-sergipe-boutique-apartments-by-you","reforma turnkey de studio","Sugestão editorial; validar no Google Ads","Frase / exata","https://bewild.com.br/portfolio/rs-sergipe-boutique-apartments-by-you"
"rs-sergipe-boutique-apartments-by-you","reforma de apartamento em Consolação","Sugestão editorial; validar no Google Ads","Frase / exata","https://bewild.com.br/portfolio/rs-sergipe-boutique-apartments-by-you"
"tr-metrocasa-berrini","Metrocasa Berrini","Sugestão editorial; validar no Google Ads","Frase / exata","https://bewild.com.br/portfolio/tr-metrocasa-berrini"
"tr-metrocasa-berrini","Brooklin Paulista","Sugestão editorial; validar no Google Ads","Frase / exata","https://bewild.com.br/portfolio/tr-metrocasa-berrini"
"tr-metrocasa-berrini","projeto de estúdio","Sugestão editorial; validar no Google Ads","Frase / exata","https://bewild.com.br/portfolio/tr-metrocasa-berrini"
"tr-metrocasa-berrini","cozinha linear bege","Sugestão editorial; validar no Google Ads","Frase / exata","https://bewild.com.br/portfolio/tr-metrocasa-berrini"
"tr-metrocasa-berrini","painel amadeirado","Sugestão editorial; validar no Google Ads","Frase / exata","https://bewild.com.br/portfolio/tr-metrocasa-berrini"
"tr-metrocasa-berrini","mesa redonda","Sugestão editorial; validar no Google Ads","Frase / exata","https://bewild.com.br/portfolio/tr-metrocasa-berrini"
"tr-metrocasa-berrini","ambiente integrado","Sugestão editorial; validar no Google Ads","Frase / exata","https://bewild.com.br/portfolio/tr-metrocasa-berrini"
"tr-metrocasa-berrini","banheiro com parede canelada","Sugestão editorial; validar no Google Ads","Frase / exata","https://bewild.com.br/portfolio/tr-metrocasa-berrini"
"tr-metrocasa-berrini","reforma de studio para Airbnb","Sugestão editorial; validar no Google Ads","Frase / exata","https://bewild.com.br/portfolio/tr-metrocasa-berrini"
"tr-metrocasa-berrini","reforma de apartamento para locação por temporada","Sugestão editorial; validar no Google Ads","Frase / exata","https://bewild.com.br/portfolio/tr-metrocasa-berrini"
"tr-metrocasa-berrini","reforma turnkey de studio","Sugestão editorial; validar no Google Ads","Frase / exata","https://bewild.com.br/portfolio/tr-metrocasa-berrini"
"tr-metrocasa-berrini","reforma de apartamento em Brooklin Paulista","Sugestão editorial; validar no Google Ads","Frase / exata","https://bewild.com.br/portfolio/tr-metrocasa-berrini"
"pg-metrocasa-berrini","Metrocasa Berrini","Sugestão editorial; validar no Google Ads","Frase / exata","https://bewild.com.br/portfolio/pg-metrocasa-berrini"
"pg-metrocasa-berrini","Brooklin Paulista","Sugestão editorial; validar no Google Ads","Frase / exata","https://bewild.com.br/portfolio/pg-metrocasa-berrini"
"pg-metrocasa-berrini","projeto de estúdio","Sugestão editorial; validar no Google Ads","Frase / exata","https://bewild.com.br/portfolio/pg-metrocasa-berrini"
"pg-metrocasa-berrini","marcenaria amadeirada","Sugestão editorial; validar no Google Ads","Frase / exata","https://bewild.com.br/portfolio/pg-metrocasa-berrini"
"pg-metrocasa-berrini","cozinha linear","Sugestão editorial; validar no Google Ads","Frase / exata","https://bewild.com.br/portfolio/pg-metrocasa-berrini"
"pg-metrocasa-berrini","bancada de trabalho","Sugestão editorial; validar no Google Ads","Frase / exata","https://bewild.com.br/portfolio/pg-metrocasa-berrini"
"pg-metrocasa-berrini","mesa redonda","Sugestão editorial; validar no Google Ads","Frase / exata","https://bewild.com.br/portfolio/pg-metrocasa-berrini"
"pg-metrocasa-berrini","interiores compactos","Sugestão editorial; validar no Google Ads","Frase / exata","https://bewild.com.br/portfolio/pg-metrocasa-berrini"
"pg-metrocasa-berrini","reforma de studio para Airbnb","Sugestão editorial; validar no Google Ads","Frase / exata","https://bewild.com.br/portfolio/pg-metrocasa-berrini"
"pg-metrocasa-berrini","reforma de apartamento para locação por temporada","Sugestão editorial; validar no Google Ads","Frase / exata","https://bewild.com.br/portfolio/pg-metrocasa-berrini"
"pg-metrocasa-berrini","reforma turnkey de studio","Sugestão editorial; validar no Google Ads","Frase / exata","https://bewild.com.br/portfolio/pg-metrocasa-berrini"
"pg-metrocasa-berrini","reforma de apartamento em Brooklin Paulista","Sugestão editorial; validar no Google Ads","Frase / exata","https://bewild.com.br/portfolio/pg-metrocasa-berrini"
"ap-now-butanta","NOW Butantã","Sugestão editorial; validar no Google Ads","Frase / exata","https://bewild.com.br/portfolio/ap-now-butanta"
"ap-now-butanta","projeto de interiores no Butantã","Sugestão editorial; validar no Google Ads","Frase / exata","https://bewild.com.br/portfolio/ap-now-butanta"
"ap-now-butanta","marcenaria preta e amadeirada","Sugestão editorial; validar no Google Ads","Frase / exata","https://bewild.com.br/portfolio/ap-now-butanta"
"ap-now-butanta","estar azul-acinzentado","Sugestão editorial; validar no Google Ads","Frase / exata","https://bewild.com.br/portfolio/ap-now-butanta"
"ap-now-butanta","dormitório com cabeceira iluminada","Sugestão editorial; validar no Google Ads","Frase / exata","https://bewild.com.br/portfolio/ap-now-butanta"
"ap-now-butanta","banheiro com espelho circular","Sugestão editorial; validar no Google Ads","Frase / exata","https://bewild.com.br/portfolio/ap-now-butanta"
"ap-now-butanta","reforma de studio para Airbnb","Sugestão editorial; validar no Google Ads","Frase / exata","https://bewild.com.br/portfolio/ap-now-butanta"
"ap-now-butanta","reforma de apartamento para locação por temporada","Sugestão editorial; validar no Google Ads","Frase / exata","https://bewild.com.br/portfolio/ap-now-butanta"
"ap-now-butanta","reforma turnkey de studio","Sugestão editorial; validar no Google Ads","Frase / exata","https://bewild.com.br/portfolio/ap-now-butanta"
"ap-now-butanta","reforma de apartamento em Butantã","Sugestão editorial; validar no Google Ads","Frase / exata","https://bewild.com.br/portfolio/ap-now-butanta"
"rs-spotlights-pinheiros","Spotlights Pinheiros","Sugestão editorial; validar no Google Ads","Frase / exata","https://bewild.com.br/portfolio/rs-spotlights-pinheiros"
"rs-spotlights-pinheiros","interiores em Pinheiros","Sugestão editorial; validar no Google Ads","Frase / exata","https://bewild.com.br/portfolio/rs-spotlights-pinheiros"
"rs-spotlights-pinheiros","projeto de estúdio compacto","Sugestão editorial; validar no Google Ads","Frase / exata","https://bewild.com.br/portfolio/rs-spotlights-pinheiros"
"rs-spotlights-pinheiros","marcenaria amadeirada","Sugestão editorial; validar no Google Ads","Frase / exata","https://bewild.com.br/portfolio/rs-spotlights-pinheiros"
"rs-spotlights-pinheiros","cozinha linear","Sugestão editorial; validar no Google Ads","Frase / exata","https://bewild.com.br/portfolio/rs-spotlights-pinheiros"
"rs-spotlights-pinheiros","bancada de refeições e trabalho","Sugestão editorial; validar no Google Ads","Frase / exata","https://bewild.com.br/portfolio/rs-spotlights-pinheiros"
"rs-spotlights-pinheiros","cabeceira iluminada","Sugestão editorial; validar no Google Ads","Frase / exata","https://bewild.com.br/portfolio/rs-spotlights-pinheiros"
"rs-spotlights-pinheiros","reforma de studio para Airbnb","Sugestão editorial; validar no Google Ads","Frase / exata","https://bewild.com.br/portfolio/rs-spotlights-pinheiros"
"rs-spotlights-pinheiros","reforma de apartamento para locação por temporada","Sugestão editorial; validar no Google Ads","Frase / exata","https://bewild.com.br/portfolio/rs-spotlights-pinheiros"
"rs-spotlights-pinheiros","reforma turnkey de studio","Sugestão editorial; validar no Google Ads","Frase / exata","https://bewild.com.br/portfolio/rs-spotlights-pinheiros"
"rs-spotlights-pinheiros","reforma de apartamento em Pinheiros","Sugestão editorial; validar no Google Ads","Frase / exata","https://bewild.com.br/portfolio/rs-spotlights-pinheiros"
"am-maceio-88-by-you-inc","Maceió 88 by You Inc","Sugestão editorial; validar no Google Ads","Frase / exata","https://bewild.com.br/portfolio/am-maceio-88-by-you-inc"
"am-maceio-88-by-you-inc","interiores na Consolação","Sugestão editorial; validar no Google Ads","Frase / exata","https://bewild.com.br/portfolio/am-maceio-88-by-you-inc"
"am-maceio-88-by-you-inc","cozinha linear","Sugestão editorial; validar no Google Ads","Frase / exata","https://bewild.com.br/portfolio/am-maceio-88-by-you-inc"
"am-maceio-88-by-you-inc","bancada de trabalho","Sugestão editorial; validar no Google Ads","Frase / exata","https://bewild.com.br/portfolio/am-maceio-88-by-you-inc"
"am-maceio-88-by-you-inc","marcenaria amadeirada","Sugestão editorial; validar no Google Ads","Frase / exata","https://bewild.com.br/portfolio/am-maceio-88-by-you-inc"
"am-maceio-88-by-you-inc","sofá aos pés da cama","Sugestão editorial; validar no Google Ads","Frase / exata","https://bewild.com.br/portfolio/am-maceio-88-by-you-inc"
"am-maceio-88-by-you-inc","projeto de interiores","Sugestão editorial; validar no Google Ads","Frase / exata","https://bewild.com.br/portfolio/am-maceio-88-by-you-inc"
"am-maceio-88-by-you-inc","reforma de apartamento em Consolação","Sugestão editorial; validar no Google Ads","Frase / exata","https://bewild.com.br/portfolio/am-maceio-88-by-you-inc"
"jl-soma-perdizes","Soma Perdizes","Sugestão editorial; validar no Google Ads","Frase / exata","https://bewild.com.br/portfolio/jl-soma-perdizes"
"jl-soma-perdizes","interiores em Perdizes","Sugestão editorial; validar no Google Ads","Frase / exata","https://bewild.com.br/portfolio/jl-soma-perdizes"
"jl-soma-perdizes","cozinha linear","Sugestão editorial; validar no Google Ads","Frase / exata","https://bewild.com.br/portfolio/jl-soma-perdizes"
"jl-soma-perdizes","marcenaria amadeirada","Sugestão editorial; validar no Google Ads","Frase / exata","https://bewild.com.br/portfolio/jl-soma-perdizes"
"jl-soma-perdizes","armário espelhado","Sugestão editorial; validar no Google Ads","Frase / exata","https://bewild.com.br/portfolio/jl-soma-perdizes"
"jl-soma-perdizes","bancada para refeições e trabalho","Sugestão editorial; validar no Google Ads","Frase / exata","https://bewild.com.br/portfolio/jl-soma-perdizes"
"jl-soma-perdizes","iluminação de cabeceira","Sugestão editorial; validar no Google Ads","Frase / exata","https://bewild.com.br/portfolio/jl-soma-perdizes"
"jl-soma-perdizes","reforma de apartamento em Perdizes","Sugestão editorial; validar no Google Ads","Frase / exata","https://bewild.com.br/portfolio/jl-soma-perdizes"
"co-chacara-klabin","Chácara Klabin","Sugestão editorial; validar no Google Ads","Frase / exata","https://bewild.com.br/portfolio/co-chacara-klabin"
"co-chacara-klabin","marcenaria verde acinzentada","Sugestão editorial; validar no Google Ads","Frase / exata","https://bewild.com.br/portfolio/co-chacara-klabin"
"co-chacara-klabin","cozinha integrada","Sugestão editorial; validar no Google Ads","Frase / exata","https://bewild.com.br/portfolio/co-chacara-klabin"
"co-chacara-klabin","bancada de trabalho","Sugestão editorial; validar no Google Ads","Frase / exata","https://bewild.com.br/portfolio/co-chacara-klabin"
"co-chacara-klabin","tijolinhos brancos","Sugestão editorial; validar no Google Ads","Frase / exata","https://bewild.com.br/portfolio/co-chacara-klabin"
"co-chacara-klabin","varanda com mesa alta","Sugestão editorial; validar no Google Ads","Frase / exata","https://bewild.com.br/portfolio/co-chacara-klabin"
"co-chacara-klabin","visualização 3D de interiores","Sugestão editorial; validar no Google Ads","Frase / exata","https://bewild.com.br/portfolio/co-chacara-klabin"
"co-chacara-klabin","reforma de studio para Airbnb","Sugestão editorial; validar no Google Ads","Frase / exata","https://bewild.com.br/portfolio/co-chacara-klabin"
"co-chacara-klabin","reforma de apartamento para locação por temporada","Sugestão editorial; validar no Google Ads","Frase / exata","https://bewild.com.br/portfolio/co-chacara-klabin"
"co-chacara-klabin","reforma turnkey de studio","Sugestão editorial; validar no Google Ads","Frase / exata","https://bewild.com.br/portfolio/co-chacara-klabin"
"co-chacara-klabin","reforma de apartamento em Chácara Klabin","Sugestão editorial; validar no Google Ads","Frase / exata","https://bewild.com.br/portfolio/co-chacara-klabin"
"cc-my-one-brooklin","My One Brooklin","Sugestão editorial; validar no Google Ads","Frase / exata","https://bewild.com.br/portfolio/cc-my-one-brooklin"
"cc-my-one-brooklin","interiores no Brooklin","Sugestão editorial; validar no Google Ads","Frase / exata","https://bewild.com.br/portfolio/cc-my-one-brooklin"
"cc-my-one-brooklin","marcenaria azul-petróleo","Sugestão editorial; validar no Google Ads","Frase / exata","https://bewild.com.br/portfolio/cc-my-one-brooklin"
"cc-my-one-brooklin","cozinha e estar integrados","Sugestão editorial; validar no Google Ads","Frase / exata","https://bewild.com.br/portfolio/cc-my-one-brooklin"
"cc-my-one-brooklin","bancada de trabalho e refeições","Sugestão editorial; validar no Google Ads","Frase / exata","https://bewild.com.br/portfolio/cc-my-one-brooklin"
"cc-my-one-brooklin","cabeceira amadeirada","Sugestão editorial; validar no Google Ads","Frase / exata","https://bewild.com.br/portfolio/cc-my-one-brooklin"
"cc-my-one-brooklin","projeto de interiores","Sugestão editorial; validar no Google Ads","Frase / exata","https://bewild.com.br/portfolio/cc-my-one-brooklin"
"cc-my-one-brooklin","reforma de studio para Airbnb","Sugestão editorial; validar no Google Ads","Frase / exata","https://bewild.com.br/portfolio/cc-my-one-brooklin"
"cc-my-one-brooklin","reforma de apartamento para locação por temporada","Sugestão editorial; validar no Google Ads","Frase / exata","https://bewild.com.br/portfolio/cc-my-one-brooklin"
"cc-my-one-brooklin","reforma turnkey de studio","Sugestão editorial; validar no Google Ads","Frase / exata","https://bewild.com.br/portfolio/cc-my-one-brooklin"
"cc-my-one-brooklin","reforma de apartamento em Brooklin","Sugestão editorial; validar no Google Ads","Frase / exata","https://bewild.com.br/portfolio/cc-my-one-brooklin"
"ms-do-it-vila-olimpia","DO IT Vila Olímpia","Sugestão editorial; validar no Google Ads","Frase / exata","https://bewild.com.br/portfolio/ms-do-it-vila-olimpia"
"ms-do-it-vila-olimpia","interiores na Vila Olímpia","Sugestão editorial; validar no Google Ads","Frase / exata","https://bewild.com.br/portfolio/ms-do-it-vila-olimpia"
"ms-do-it-vila-olimpia","marcenaria escura","Sugestão editorial; validar no Google Ads","Frase / exata","https://bewild.com.br/portfolio/ms-do-it-vila-olimpia"
"ms-do-it-vila-olimpia","cozinha linear","Sugestão editorial; validar no Google Ads","Frase / exata","https://bewild.com.br/portfolio/ms-do-it-vila-olimpia"
"ms-do-it-vila-olimpia","bancada de trabalho","Sugestão editorial; validar no Google Ads","Frase / exata","https://bewild.com.br/portfolio/ms-do-it-vila-olimpia"
"ms-do-it-vila-olimpia","armários com cabideiro","Sugestão editorial; validar no Google Ads","Frase / exata","https://bewild.com.br/portfolio/ms-do-it-vila-olimpia"
"ms-do-it-vila-olimpia","parede bicolor","Sugestão editorial; validar no Google Ads","Frase / exata","https://bewild.com.br/portfolio/ms-do-it-vila-olimpia"
"ms-do-it-vila-olimpia","visualizações 3D","Sugestão editorial; validar no Google Ads","Frase / exata","https://bewild.com.br/portfolio/ms-do-it-vila-olimpia"
"ms-do-it-vila-olimpia","reforma de studio para Airbnb","Sugestão editorial; validar no Google Ads","Frase / exata","https://bewild.com.br/portfolio/ms-do-it-vila-olimpia"
"ms-do-it-vila-olimpia","reforma de apartamento para locação por temporada","Sugestão editorial; validar no Google Ads","Frase / exata","https://bewild.com.br/portfolio/ms-do-it-vila-olimpia"
"ms-do-it-vila-olimpia","reforma turnkey de studio","Sugestão editorial; validar no Google Ads","Frase / exata","https://bewild.com.br/portfolio/ms-do-it-vila-olimpia"
"ms-do-it-vila-olimpia","reforma de apartamento em Vila Olímpia","Sugestão editorial; validar no Google Ads","Frase / exata","https://bewild.com.br/portfolio/ms-do-it-vila-olimpia"
"em-do-it-pinheiros","reforma apartamento pinheiros","Sugestão editorial; validar no Google Ads","Frase / exata","https://bewild.com.br/portfolio/em-do-it-pinheiros"
"em-do-it-pinheiros","reforma do it pinheiros","Sugestão editorial; validar no Google Ads","Frase / exata","https://bewild.com.br/portfolio/em-do-it-pinheiros"
"em-do-it-pinheiros","projeto apartamento com quarto separado","Sugestão editorial; validar no Google Ads","Frase / exata","https://bewild.com.br/portfolio/em-do-it-pinheiros"
"em-do-it-pinheiros","cozinha verde planejada","Sugestão editorial; validar no Google Ads","Frase / exata","https://bewild.com.br/portfolio/em-do-it-pinheiros"
"em-do-it-pinheiros","empresa para reforma de apartamento","Sugestão editorial; validar no Google Ads","Frase / exata","https://bewild.com.br/portfolio/em-do-it-pinheiros"
"em-do-it-pinheiros","reforma de studio para locação","Sugestão editorial; validar no Google Ads","Frase / exata","https://bewild.com.br/portfolio/em-do-it-pinheiros"
"em-do-it-pinheiros","reforma apartamento para Airbnb","Sugestão editorial; validar no Google Ads","Frase / exata","https://bewild.com.br/portfolio/em-do-it-pinheiros"
"vh-pinheiros-by-passarely","Pinheiros by Passarely","Sugestão editorial; validar no Google Ads","Frase / exata","https://bewild.com.br/portfolio/vh-pinheiros-by-passarely"
"vh-pinheiros-by-passarely","interiores em Pinheiros","Sugestão editorial; validar no Google Ads","Frase / exata","https://bewild.com.br/portfolio/vh-pinheiros-by-passarely"
"vh-pinheiros-by-passarely","sala com sofá azul","Sugestão editorial; validar no Google Ads","Frase / exata","https://bewild.com.br/portfolio/vh-pinheiros-by-passarely"
"vh-pinheiros-by-passarely","cozinha amadeirada","Sugestão editorial; validar no Google Ads","Frase / exata","https://bewild.com.br/portfolio/vh-pinheiros-by-passarely"
"vh-pinheiros-by-passarely","sala e cozinha integradas","Sugestão editorial; validar no Google Ads","Frase / exata","https://bewild.com.br/portfolio/vh-pinheiros-by-passarely"
"vh-pinheiros-by-passarely","mesa de jantar oval","Sugestão editorial; validar no Google Ads","Frase / exata","https://bewild.com.br/portfolio/vh-pinheiros-by-passarely"
"vh-pinheiros-by-passarely","guarda-roupa organizado","Sugestão editorial; validar no Google Ads","Frase / exata","https://bewild.com.br/portfolio/vh-pinheiros-by-passarely"
"vh-pinheiros-by-passarely","projeto de apartamento","Sugestão editorial; validar no Google Ads","Frase / exata","https://bewild.com.br/portfolio/vh-pinheiros-by-passarely"
"vh-pinheiros-by-passarely","reforma completa de apartamento para morar","Sugestão editorial; validar no Google Ads","Frase / exata","https://bewild.com.br/portfolio/vh-pinheiros-by-passarely"
"vh-pinheiros-by-passarely","arquitetura de interiores para apartamento compacto","Sugestão editorial; validar no Google Ads","Frase / exata","https://bewild.com.br/portfolio/vh-pinheiros-by-passarely"
"vh-pinheiros-by-passarely","reforma turnkey residencial","Sugestão editorial; validar no Google Ads","Frase / exata","https://bewild.com.br/portfolio/vh-pinheiros-by-passarely"
"vh-pinheiros-by-passarely","reforma de apartamento em Pinheiros","Sugestão editorial; validar no Google Ads","Frase / exata","https://bewild.com.br/portfolio/vh-pinheiros-by-passarely"
"md-peninsula-vila-madalena","Península Vila Madalena","Sugestão editorial; validar no Google Ads","Frase / exata","https://bewild.com.br/portfolio/md-peninsula-vila-madalena"
"md-peninsula-vila-madalena","estúdio integrado","Sugestão editorial; validar no Google Ads","Frase / exata","https://bewild.com.br/portfolio/md-peninsula-vila-madalena"
"md-peninsula-vila-madalena","cozinha linear","Sugestão editorial; validar no Google Ads","Frase / exata","https://bewild.com.br/portfolio/md-peninsula-vila-madalena"
"md-peninsula-vila-madalena","marcenaria amadeirada","Sugestão editorial; validar no Google Ads","Frase / exata","https://bewild.com.br/portfolio/md-peninsula-vila-madalena"
"md-peninsula-vila-madalena","bancada para refeições e trabalho","Sugestão editorial; validar no Google Ads","Frase / exata","https://bewild.com.br/portfolio/md-peninsula-vila-madalena"
"md-peninsula-vila-madalena","cabeceira amadeirada","Sugestão editorial; validar no Google Ads","Frase / exata","https://bewild.com.br/portfolio/md-peninsula-vila-madalena"
"md-peninsula-vila-madalena","projeto de interiores","Sugestão editorial; validar no Google Ads","Frase / exata","https://bewild.com.br/portfolio/md-peninsula-vila-madalena"
"md-peninsula-vila-madalena","reforma de studio para Airbnb","Sugestão editorial; validar no Google Ads","Frase / exata","https://bewild.com.br/portfolio/md-peninsula-vila-madalena"
"md-peninsula-vila-madalena","reforma de apartamento para locação por temporada","Sugestão editorial; validar no Google Ads","Frase / exata","https://bewild.com.br/portfolio/md-peninsula-vila-madalena"
"md-peninsula-vila-madalena","reforma turnkey de studio","Sugestão editorial; validar no Google Ads","Frase / exata","https://bewild.com.br/portfolio/md-peninsula-vila-madalena"
"md-peninsula-vila-madalena","reforma de apartamento em Vila Madalena","Sugestão editorial; validar no Google Ads","Frase / exata","https://bewild.com.br/portfolio/md-peninsula-vila-madalena"
"bn-next-one-joao-cachoeira","Next One João Cachoeira","Sugestão editorial; validar no Google Ads","Frase / exata","https://bewild.com.br/portfolio/bn-next-one-joao-cachoeira"
"bn-next-one-joao-cachoeira","interiores integrados","Sugestão editorial; validar no Google Ads","Frase / exata","https://bewild.com.br/portfolio/bn-next-one-joao-cachoeira"
"bn-next-one-joao-cachoeira","cozinha linear","Sugestão editorial; validar no Google Ads","Frase / exata","https://bewild.com.br/portfolio/bn-next-one-joao-cachoeira"
"bn-next-one-joao-cachoeira","bancada de trabalho e refeições","Sugestão editorial; validar no Google Ads","Frase / exata","https://bewild.com.br/portfolio/bn-next-one-joao-cachoeira"
"bn-next-one-joao-cachoeira","marcenaria clara","Sugestão editorial; validar no Google Ads","Frase / exata","https://bewild.com.br/portfolio/bn-next-one-joao-cachoeira"
"bn-next-one-joao-cachoeira","piso amadeirado","Sugestão editorial; validar no Google Ads","Frase / exata","https://bewild.com.br/portfolio/bn-next-one-joao-cachoeira"
"bn-next-one-joao-cachoeira","banheiro cinza-azulado","Sugestão editorial; validar no Google Ads","Frase / exata","https://bewild.com.br/portfolio/bn-next-one-joao-cachoeira"
"bn-next-one-joao-cachoeira","reforma de studio para Airbnb","Sugestão editorial; validar no Google Ads","Frase / exata","https://bewild.com.br/portfolio/bn-next-one-joao-cachoeira"
"bn-next-one-joao-cachoeira","reforma de apartamento para locação por temporada","Sugestão editorial; validar no Google Ads","Frase / exata","https://bewild.com.br/portfolio/bn-next-one-joao-cachoeira"
"bn-next-one-joao-cachoeira","reforma turnkey de studio","Sugestão editorial; validar no Google Ads","Frase / exata","https://bewild.com.br/portfolio/bn-next-one-joao-cachoeira"
"lc-today-faria-lima","Today Faria Lima","Sugestão editorial; validar no Google Ads","Frase / exata","https://bewild.com.br/portfolio/lc-today-faria-lima"
"lc-today-faria-lima","Vila Olímpia","Sugestão editorial; validar no Google Ads","Frase / exata","https://bewild.com.br/portfolio/lc-today-faria-lima"
"lc-today-faria-lima","projeto de estúdio","Sugestão editorial; validar no Google Ads","Frase / exata","https://bewild.com.br/portfolio/lc-today-faria-lima"
"lc-today-faria-lima","marcenaria amadeirada","Sugestão editorial; validar no Google Ads","Frase / exata","https://bewild.com.br/portfolio/lc-today-faria-lima"
"lc-today-faria-lima","cozinha linear","Sugestão editorial; validar no Google Ads","Frase / exata","https://bewild.com.br/portfolio/lc-today-faria-lima"
"lc-today-faria-lima","bancada de trabalho","Sugestão editorial; validar no Google Ads","Frase / exata","https://bewild.com.br/portfolio/lc-today-faria-lima"
"lc-today-faria-lima","mesa redonda","Sugestão editorial; validar no Google Ads","Frase / exata","https://bewild.com.br/portfolio/lc-today-faria-lima"
"lc-today-faria-lima","interiores integrados","Sugestão editorial; validar no Google Ads","Frase / exata","https://bewild.com.br/portfolio/lc-today-faria-lima"
"lc-today-faria-lima","reforma de studio para Airbnb","Sugestão editorial; validar no Google Ads","Frase / exata","https://bewild.com.br/portfolio/lc-today-faria-lima"
"lc-today-faria-lima","reforma de apartamento para locação por temporada","Sugestão editorial; validar no Google Ads","Frase / exata","https://bewild.com.br/portfolio/lc-today-faria-lima"
"lc-today-faria-lima","reforma turnkey de studio","Sugestão editorial; validar no Google Ads","Frase / exata","https://bewild.com.br/portfolio/lc-today-faria-lima"
"lc-today-faria-lima","reforma de apartamento em Vila Olímpia","Sugestão editorial; validar no Google Ads","Frase / exata","https://bewild.com.br/portfolio/lc-today-faria-lima"
"as-hub-brooklin-by-ez","HUB Brooklin by EZ","Sugestão editorial; validar no Google Ads","Frase / exata","https://bewild.com.br/portfolio/as-hub-brooklin-by-ez"
"as-hub-brooklin-by-ez","estúdio no Brooklin","Sugestão editorial; validar no Google Ads","Frase / exata","https://bewild.com.br/portfolio/as-hub-brooklin-by-ez"
"as-hub-brooklin-by-ez","projeto de interiores","Sugestão editorial; validar no Google Ads","Frase / exata","https://bewild.com.br/portfolio/as-hub-brooklin-by-ez"
"as-hub-brooklin-by-ez","cozinha azul","Sugestão editorial; validar no Google Ads","Frase / exata","https://bewild.com.br/portfolio/as-hub-brooklin-by-ez"
"as-hub-brooklin-by-ez","marcenaria amadeirada","Sugestão editorial; validar no Google Ads","Frase / exata","https://bewild.com.br/portfolio/as-hub-brooklin-by-ez"
"as-hub-brooklin-by-ez","bancada de trabalho","Sugestão editorial; validar no Google Ads","Frase / exata","https://bewild.com.br/portfolio/as-hub-brooklin-by-ez"
"as-hub-brooklin-by-ez","varanda com bancada","Sugestão editorial; validar no Google Ads","Frase / exata","https://bewild.com.br/portfolio/as-hub-brooklin-by-ez"
"as-hub-brooklin-by-ez","reforma de studio para Airbnb","Sugestão editorial; validar no Google Ads","Frase / exata","https://bewild.com.br/portfolio/as-hub-brooklin-by-ez"
"as-hub-brooklin-by-ez","reforma de apartamento para locação por temporada","Sugestão editorial; validar no Google Ads","Frase / exata","https://bewild.com.br/portfolio/as-hub-brooklin-by-ez"
"as-hub-brooklin-by-ez","reforma turnkey de studio","Sugestão editorial; validar no Google Ads","Frase / exata","https://bewild.com.br/portfolio/as-hub-brooklin-by-ez"
"as-hub-brooklin-by-ez","reforma de apartamento em Brooklin","Sugestão editorial; validar no Google Ads","Frase / exata","https://bewild.com.br/portfolio/as-hub-brooklin-by-ez"
"le-hub-brooklin-by-ez","Hub Brooklin by EZ","Sugestão editorial; validar no Google Ads","Frase / exata","https://bewild.com.br/portfolio/le-hub-brooklin-by-ez"
"le-hub-brooklin-by-ez","proposta de interiores","Sugestão editorial; validar no Google Ads","Frase / exata","https://bewild.com.br/portfolio/le-hub-brooklin-by-ez"
"le-hub-brooklin-by-ez","marcenaria amadeirada","Sugestão editorial; validar no Google Ads","Frase / exata","https://bewild.com.br/portfolio/le-hub-brooklin-by-ez"
"le-hub-brooklin-by-ez","cozinha linear","Sugestão editorial; validar no Google Ads","Frase / exata","https://bewild.com.br/portfolio/le-hub-brooklin-by-ez"
"le-hub-brooklin-by-ez","bancada de trabalho","Sugestão editorial; validar no Google Ads","Frase / exata","https://bewild.com.br/portfolio/le-hub-brooklin-by-ez"
"le-hub-brooklin-by-ez","integração de usos","Sugestão editorial; validar no Google Ads","Frase / exata","https://bewild.com.br/portfolio/le-hub-brooklin-by-ez"
"le-hub-brooklin-by-ez","banheiro com tampo pontilhado","Sugestão editorial; validar no Google Ads","Frase / exata","https://bewild.com.br/portfolio/le-hub-brooklin-by-ez"
"le-hub-brooklin-by-ez","reforma de studio para Airbnb","Sugestão editorial; validar no Google Ads","Frase / exata","https://bewild.com.br/portfolio/le-hub-brooklin-by-ez"
"le-hub-brooklin-by-ez","reforma de apartamento para locação por temporada","Sugestão editorial; validar no Google Ads","Frase / exata","https://bewild.com.br/portfolio/le-hub-brooklin-by-ez"
"le-hub-brooklin-by-ez","reforma turnkey de studio","Sugestão editorial; validar no Google Ads","Frase / exata","https://bewild.com.br/portfolio/le-hub-brooklin-by-ez"
"me-hub-brooklin-by-ez","HUB Brooklin by EZ","Sugestão editorial; validar no Google Ads","Frase / exata","https://bewild.com.br/portfolio/me-hub-brooklin-by-ez"
"me-hub-brooklin-by-ez","interiores no Brooklin","Sugestão editorial; validar no Google Ads","Frase / exata","https://bewild.com.br/portfolio/me-hub-brooklin-by-ez"
"me-hub-brooklin-by-ez","projeto de estúdio","Sugestão editorial; validar no Google Ads","Frase / exata","https://bewild.com.br/portfolio/me-hub-brooklin-by-ez"
"me-hub-brooklin-by-ez","parede azul","Sugestão editorial; validar no Google Ads","Frase / exata","https://bewild.com.br/portfolio/me-hub-brooklin-by-ez"
"me-hub-brooklin-by-ez","marcenaria cinza","Sugestão editorial; validar no Google Ads","Frase / exata","https://bewild.com.br/portfolio/me-hub-brooklin-by-ez"
"me-hub-brooklin-by-ez","cozinha linear","Sugestão editorial; validar no Google Ads","Frase / exata","https://bewild.com.br/portfolio/me-hub-brooklin-by-ez"
"me-hub-brooklin-by-ez","bancada de trabalho","Sugestão editorial; validar no Google Ads","Frase / exata","https://bewild.com.br/portfolio/me-hub-brooklin-by-ez"
"me-hub-brooklin-by-ez","cabeceira iluminada","Sugestão editorial; validar no Google Ads","Frase / exata","https://bewild.com.br/portfolio/me-hub-brooklin-by-ez"
"me-hub-brooklin-by-ez","reforma de studio para Airbnb","Sugestão editorial; validar no Google Ads","Frase / exata","https://bewild.com.br/portfolio/me-hub-brooklin-by-ez"
"me-hub-brooklin-by-ez","reforma de apartamento para locação por temporada","Sugestão editorial; validar no Google Ads","Frase / exata","https://bewild.com.br/portfolio/me-hub-brooklin-by-ez"
"me-hub-brooklin-by-ez","reforma turnkey de studio","Sugestão editorial; validar no Google Ads","Frase / exata","https://bewild.com.br/portfolio/me-hub-brooklin-by-ez"
"me-hub-brooklin-by-ez","reforma de apartamento em Brooklin","Sugestão editorial; validar no Google Ads","Frase / exata","https://bewild.com.br/portfolio/me-hub-brooklin-by-ez"
"lv-modern-estacao-butanta","Modern Estação Butantã","Sugestão editorial; validar no Google Ads","Frase / exata","https://bewild.com.br/portfolio/lv-modern-estacao-butanta"
"lv-modern-estacao-butanta","estúdio no Butantã","Sugestão editorial; validar no Google Ads","Frase / exata","https://bewild.com.br/portfolio/lv-modern-estacao-butanta"
"lv-modern-estacao-butanta","projeto de interiores","Sugestão editorial; validar no Google Ads","Frase / exata","https://bewild.com.br/portfolio/lv-modern-estacao-butanta"
"lv-modern-estacao-butanta","parede bicolor","Sugestão editorial; validar no Google Ads","Frase / exata","https://bewild.com.br/portfolio/lv-modern-estacao-butanta"
"lv-modern-estacao-butanta","bancada para refeições e trabalho","Sugestão editorial; validar no Google Ads","Frase / exata","https://bewild.com.br/portfolio/lv-modern-estacao-butanta"
"lv-modern-estacao-butanta","cozinha linear","Sugestão editorial; validar no Google Ads","Frase / exata","https://bewild.com.br/portfolio/lv-modern-estacao-butanta"
"lv-modern-estacao-butanta","marcenaria clara","Sugestão editorial; validar no Google Ads","Frase / exata","https://bewild.com.br/portfolio/lv-modern-estacao-butanta"
"lv-modern-estacao-butanta","reforma de studio para Airbnb","Sugestão editorial; validar no Google Ads","Frase / exata","https://bewild.com.br/portfolio/lv-modern-estacao-butanta"
"lv-modern-estacao-butanta","reforma de apartamento para locação por temporada","Sugestão editorial; validar no Google Ads","Frase / exata","https://bewild.com.br/portfolio/lv-modern-estacao-butanta"
"lv-modern-estacao-butanta","reforma turnkey de studio","Sugestão editorial; validar no Google Ads","Frase / exata","https://bewild.com.br/portfolio/lv-modern-estacao-butanta"
"lv-modern-estacao-butanta","reforma de apartamento em Butantã","Sugestão editorial; validar no Google Ads","Frase / exata","https://bewild.com.br/portfolio/lv-modern-estacao-butanta"
"jc-exalt-ibirapuera-by-ez","Exalt Ibirapuera by EZ","Sugestão editorial; validar no Google Ads","Frase / exata","https://bewild.com.br/portfolio/jc-exalt-ibirapuera-by-ez"
"jc-exalt-ibirapuera-by-ez","proposta de interiores","Sugestão editorial; validar no Google Ads","Frase / exata","https://bewild.com.br/portfolio/jc-exalt-ibirapuera-by-ez"
"jc-exalt-ibirapuera-by-ez","cozinha linear","Sugestão editorial; validar no Google Ads","Frase / exata","https://bewild.com.br/portfolio/jc-exalt-ibirapuera-by-ez"
"jc-exalt-ibirapuera-by-ez","marcenaria amadeirada e grafite","Sugestão editorial; validar no Google Ads","Frase / exata","https://bewild.com.br/portfolio/jc-exalt-ibirapuera-by-ez"
"jc-exalt-ibirapuera-by-ez","bancada de trabalho e refeições","Sugestão editorial; validar no Google Ads","Frase / exata","https://bewild.com.br/portfolio/jc-exalt-ibirapuera-by-ez"
"jc-exalt-ibirapuera-by-ez","banheiro com nichos abertos","Sugestão editorial; validar no Google Ads","Frase / exata","https://bewild.com.br/portfolio/jc-exalt-ibirapuera-by-ez"
"jc-exalt-ibirapuera-by-ez","visualizações 3D","Sugestão editorial; validar no Google Ads","Frase / exata","https://bewild.com.br/portfolio/jc-exalt-ibirapuera-by-ez"
"jc-exalt-ibirapuera-by-ez","reforma de studio para Airbnb","Sugestão editorial; validar no Google Ads","Frase / exata","https://bewild.com.br/portfolio/jc-exalt-ibirapuera-by-ez"
"jc-exalt-ibirapuera-by-ez","reforma de apartamento para locação por temporada","Sugestão editorial; validar no Google Ads","Frase / exata","https://bewild.com.br/portfolio/jc-exalt-ibirapuera-by-ez"
"jc-exalt-ibirapuera-by-ez","reforma turnkey de studio","Sugestão editorial; validar no Google Ads","Frase / exata","https://bewild.com.br/portfolio/jc-exalt-ibirapuera-by-ez"
"jc-exalt-ibirapuera-by-ez","reforma de apartamento em 31","Sugestão editorial; validar no Google Ads","Frase / exata","https://bewild.com.br/portfolio/jc-exalt-ibirapuera-by-ez"
"fp-nex-one-paraiso","Nex One Paraíso","Sugestão editorial; validar no Google Ads","Frase / exata","https://bewild.com.br/portfolio/fp-nex-one-paraiso"
"fp-nex-one-paraiso","interiores na Vila Mariana","Sugestão editorial; validar no Google Ads","Frase / exata","https://bewild.com.br/portfolio/fp-nex-one-paraiso"
"fp-nex-one-paraiso","cozinha linear","Sugestão editorial; validar no Google Ads","Frase / exata","https://bewild.com.br/portfolio/fp-nex-one-paraiso"
"fp-nex-one-paraiso","marcenaria branca e amadeirada","Sugestão editorial; validar no Google Ads","Frase / exata","https://bewild.com.br/portfolio/fp-nex-one-paraiso"
"fp-nex-one-paraiso","bancada para refeições","Sugestão editorial; validar no Google Ads","Frase / exata","https://bewild.com.br/portfolio/fp-nex-one-paraiso"
"fp-nex-one-paraiso","cozinha e estar integrados","Sugestão editorial; validar no Google Ads","Frase / exata","https://bewild.com.br/portfolio/fp-nex-one-paraiso"
"fp-nex-one-paraiso","projeto de interiores compacto","Sugestão editorial; validar no Google Ads","Frase / exata","https://bewild.com.br/portfolio/fp-nex-one-paraiso"
"fp-nex-one-paraiso","reforma de studio para Airbnb","Sugestão editorial; validar no Google Ads","Frase / exata","https://bewild.com.br/portfolio/fp-nex-one-paraiso"
"fp-nex-one-paraiso","reforma de apartamento para locação por temporada","Sugestão editorial; validar no Google Ads","Frase / exata","https://bewild.com.br/portfolio/fp-nex-one-paraiso"
"fp-nex-one-paraiso","reforma turnkey de studio","Sugestão editorial; validar no Google Ads","Frase / exata","https://bewild.com.br/portfolio/fp-nex-one-paraiso"
"fp-nex-one-paraiso","reforma de apartamento em Vila Mariana","Sugestão editorial; validar no Google Ads","Frase / exata","https://bewild.com.br/portfolio/fp-nex-one-paraiso"
"tbcf-latitude-campo-belo","Latitude Campo Belo","Sugestão editorial; validar no Google Ads","Frase / exata","https://bewild.com.br/portfolio/tbcf-latitude-campo-belo"
"tbcf-latitude-campo-belo","interiores em Campo Belo","Sugestão editorial; validar no Google Ads","Frase / exata","https://bewild.com.br/portfolio/tbcf-latitude-campo-belo"
"tbcf-latitude-campo-belo","cozinha linear","Sugestão editorial; validar no Google Ads","Frase / exata","https://bewild.com.br/portfolio/tbcf-latitude-campo-belo"
"tbcf-latitude-campo-belo","marcenaria verde e amadeirada","Sugestão editorial; validar no Google Ads","Frase / exata","https://bewild.com.br/portfolio/tbcf-latitude-campo-belo"
"tbcf-latitude-campo-belo","armário cinza","Sugestão editorial; validar no Google Ads","Frase / exata","https://bewild.com.br/portfolio/tbcf-latitude-campo-belo"
"tbcf-latitude-campo-belo","banco com armazenamento","Sugestão editorial; validar no Google Ads","Frase / exata","https://bewild.com.br/portfolio/tbcf-latitude-campo-belo"
"tbcf-latitude-campo-belo","bancada de trabalho","Sugestão editorial; validar no Google Ads","Frase / exata","https://bewild.com.br/portfolio/tbcf-latitude-campo-belo"
"tbcf-latitude-campo-belo","visualizações 3D","Sugestão editorial; validar no Google Ads","Frase / exata","https://bewild.com.br/portfolio/tbcf-latitude-campo-belo"
"tbcf-latitude-campo-belo","reforma de studio para Airbnb","Sugestão editorial; validar no Google Ads","Frase / exata","https://bewild.com.br/portfolio/tbcf-latitude-campo-belo"
"tbcf-latitude-campo-belo","reforma de apartamento para locação por temporada","Sugestão editorial; validar no Google Ads","Frase / exata","https://bewild.com.br/portfolio/tbcf-latitude-campo-belo"
"tbcf-latitude-campo-belo","reforma turnkey de studio","Sugestão editorial; validar no Google Ads","Frase / exata","https://bewild.com.br/portfolio/tbcf-latitude-campo-belo"
"tbcf-latitude-campo-belo","reforma de apartamento em Campo Belo","Sugestão editorial; validar no Google Ads","Frase / exata","https://bewild.com.br/portfolio/tbcf-latitude-campo-belo"
"mm-pinheiros-by-passarelli","Pinheiros by Passarelli","Sugestão editorial; validar no Google Ads","Frase / exata","https://bewild.com.br/portfolio/mm-pinheiros-by-passarelli"
"mm-pinheiros-by-passarelli","interiores em Pinheiros","Sugestão editorial; validar no Google Ads","Frase / exata","https://bewild.com.br/portfolio/mm-pinheiros-by-passarelli"
"mm-pinheiros-by-passarelli","cozinha e estar integrados","Sugestão editorial; validar no Google Ads","Frase / exata","https://bewild.com.br/portfolio/mm-pinheiros-by-passarelli"
"mm-pinheiros-by-passarelli","marcenaria amadeirada","Sugestão editorial; validar no Google Ads","Frase / exata","https://bewild.com.br/portfolio/mm-pinheiros-by-passarelli"
"mm-pinheiros-by-passarelli","quarto separado","Sugestão editorial; validar no Google Ads","Frase / exata","https://bewild.com.br/portfolio/mm-pinheiros-by-passarelli"
"mm-pinheiros-by-passarelli","verde suave","Sugestão editorial; validar no Google Ads","Frase / exata","https://bewild.com.br/portfolio/mm-pinheiros-by-passarelli"
"mm-pinheiros-by-passarelli","apartamento compacto","Sugestão editorial; validar no Google Ads","Frase / exata","https://bewild.com.br/portfolio/mm-pinheiros-by-passarelli"
"mm-pinheiros-by-passarelli","reforma de studio para Airbnb","Sugestão editorial; validar no Google Ads","Frase / exata","https://bewild.com.br/portfolio/mm-pinheiros-by-passarelli"
"mm-pinheiros-by-passarelli","reforma de apartamento para locação por temporada","Sugestão editorial; validar no Google Ads","Frase / exata","https://bewild.com.br/portfolio/mm-pinheiros-by-passarelli"
"mm-pinheiros-by-passarelli","reforma turnkey de studio","Sugestão editorial; validar no Google Ads","Frase / exata","https://bewild.com.br/portfolio/mm-pinheiros-by-passarelli"
"mm-pinheiros-by-passarelli","reforma de apartamento em Pinheiros","Sugestão editorial; validar no Google Ads","Frase / exata","https://bewild.com.br/portfolio/mm-pinheiros-by-passarelli"
"ap-level-brooklin","Level Brooklin","Sugestão editorial; validar no Google Ads","Frase / exata","https://bewild.com.br/portfolio/ap-level-brooklin"
"ap-level-brooklin","interiores no Brooklin","Sugestão editorial; validar no Google Ads","Frase / exata","https://bewild.com.br/portfolio/ap-level-brooklin"
"ap-level-brooklin","área social integrada","Sugestão editorial; validar no Google Ads","Frase / exata","https://bewild.com.br/portfolio/ap-level-brooklin"
"ap-level-brooklin","quarto separado","Sugestão editorial; validar no Google Ads","Frase / exata","https://bewild.com.br/portfolio/ap-level-brooklin"
"ap-level-brooklin","bancada de trabalho","Sugestão editorial; validar no Google Ads","Frase / exata","https://bewild.com.br/portfolio/ap-level-brooklin"
"ap-level-brooklin","mesa oval com banco","Sugestão editorial; validar no Google Ads","Frase / exata","https://bewild.com.br/portfolio/ap-level-brooklin"
"ap-level-brooklin","marcenaria verde suave","Sugestão editorial; validar no Google Ads","Frase / exata","https://bewild.com.br/portfolio/ap-level-brooklin"
"ap-level-brooklin","projeto de apartamento","Sugestão editorial; validar no Google Ads","Frase / exata","https://bewild.com.br/portfolio/ap-level-brooklin"
"ap-level-brooklin","reforma completa de apartamento para morar","Sugestão editorial; validar no Google Ads","Frase / exata","https://bewild.com.br/portfolio/ap-level-brooklin"
"ap-level-brooklin","arquitetura de interiores para apartamento compacto","Sugestão editorial; validar no Google Ads","Frase / exata","https://bewild.com.br/portfolio/ap-level-brooklin"
"ap-level-brooklin","reforma turnkey residencial","Sugestão editorial; validar no Google Ads","Frase / exata","https://bewild.com.br/portfolio/ap-level-brooklin"
"ap-level-brooklin","reforma de apartamento em Brooklin","Sugestão editorial; validar no Google Ads","Frase / exata","https://bewild.com.br/portfolio/ap-level-brooklin"
"cm-caminho-boa-vista","reforma studio alto da boa vista","Sugestão editorial; validar no Google Ads","Frase / exata","https://bewild.com.br/portfolio/cm-caminho-boa-vista"
"cm-caminho-boa-vista","reforma apartamento alto da boa vista","Sugestão editorial; validar no Google Ads","Frase / exata","https://bewild.com.br/portfolio/cm-caminho-boa-vista"
"cm-caminho-boa-vista","studio com mesa para dois","Sugestão editorial; validar no Google Ads","Frase / exata","https://bewild.com.br/portfolio/cm-caminho-boa-vista"
"cm-caminho-boa-vista","marcenaria studio compacto","Sugestão editorial; validar no Google Ads","Frase / exata","https://bewild.com.br/portfolio/cm-caminho-boa-vista"
"cm-caminho-boa-vista","empresa para reforma de apartamento","Sugestão editorial; validar no Google Ads","Frase / exata","https://bewild.com.br/portfolio/cm-caminho-boa-vista"
"cm-caminho-boa-vista","reforma de studio para locação","Sugestão editorial; validar no Google Ads","Frase / exata","https://bewild.com.br/portfolio/cm-caminho-boa-vista"
"cm-caminho-boa-vista","reforma apartamento para Airbnb","Sugestão editorial; validar no Google Ads","Frase / exata","https://bewild.com.br/portfolio/cm-caminho-boa-vista"
"jp-the-collection-madalena","The Collection Madalena","Sugestão editorial; validar no Google Ads","Frase / exata","https://bewild.com.br/portfolio/jp-the-collection-madalena"
"jp-the-collection-madalena","Vila Madalena","Sugestão editorial; validar no Google Ads","Frase / exata","https://bewild.com.br/portfolio/jp-the-collection-madalena"
"jp-the-collection-madalena","projeto de interiores","Sugestão editorial; validar no Google Ads","Frase / exata","https://bewild.com.br/portfolio/jp-the-collection-madalena"
"jp-the-collection-madalena","marcenaria amadeirada","Sugestão editorial; validar no Google Ads","Frase / exata","https://bewild.com.br/portfolio/jp-the-collection-madalena"
"jp-the-collection-madalena","divisória ripada","Sugestão editorial; validar no Google Ads","Frase / exata","https://bewild.com.br/portfolio/jp-the-collection-madalena"
"jp-the-collection-madalena","estar e cozinha integrados","Sugestão editorial; validar no Google Ads","Frase / exata","https://bewild.com.br/portfolio/jp-the-collection-madalena"
"jp-the-collection-madalena","bancada de trabalho","Sugestão editorial; validar no Google Ads","Frase / exata","https://bewild.com.br/portfolio/jp-the-collection-madalena"
"jp-the-collection-madalena","mesa redonda","Sugestão editorial; validar no Google Ads","Frase / exata","https://bewild.com.br/portfolio/jp-the-collection-madalena"
"jp-the-collection-madalena","reforma completa de apartamento para morar","Sugestão editorial; validar no Google Ads","Frase / exata","https://bewild.com.br/portfolio/jp-the-collection-madalena"
"jp-the-collection-madalena","arquitetura de interiores para apartamento compacto","Sugestão editorial; validar no Google Ads","Frase / exata","https://bewild.com.br/portfolio/jp-the-collection-madalena"
"jp-the-collection-madalena","reforma turnkey residencial","Sugestão editorial; validar no Google Ads","Frase / exata","https://bewild.com.br/portfolio/jp-the-collection-madalena"
"jp-the-collection-madalena","reforma de apartamento em Vila Madalena","Sugestão editorial; validar no Google Ads","Frase / exata","https://bewild.com.br/portfolio/jp-the-collection-madalena"
"az-the-collection-paulista","The Collection Paulista","Sugestão editorial; validar no Google Ads","Frase / exata","https://bewild.com.br/portfolio/az-the-collection-paulista"
"az-the-collection-paulista","interiores na Paulista","Sugestão editorial; validar no Google Ads","Frase / exata","https://bewild.com.br/portfolio/az-the-collection-paulista"
"az-the-collection-paulista","cozinha linear","Sugestão editorial; validar no Google Ads","Frase / exata","https://bewild.com.br/portfolio/az-the-collection-paulista"
"az-the-collection-paulista","armário amadeirado","Sugestão editorial; validar no Google Ads","Frase / exata","https://bewild.com.br/portfolio/az-the-collection-paulista"
"az-the-collection-paulista","bancada de trabalho","Sugestão editorial; validar no Google Ads","Frase / exata","https://bewild.com.br/portfolio/az-the-collection-paulista"
"az-the-collection-paulista","mesa redonda","Sugestão editorial; validar no Google Ads","Frase / exata","https://bewild.com.br/portfolio/az-the-collection-paulista"
"az-the-collection-paulista","interiores em tons de cinza","Sugestão editorial; validar no Google Ads","Frase / exata","https://bewild.com.br/portfolio/az-the-collection-paulista"
"az-the-collection-paulista","visualizações 3D","Sugestão editorial; validar no Google Ads","Frase / exata","https://bewild.com.br/portfolio/az-the-collection-paulista"
"az-the-collection-paulista","reforma de studio para Airbnb","Sugestão editorial; validar no Google Ads","Frase / exata","https://bewild.com.br/portfolio/az-the-collection-paulista"
"az-the-collection-paulista","reforma de apartamento para locação por temporada","Sugestão editorial; validar no Google Ads","Frase / exata","https://bewild.com.br/portfolio/az-the-collection-paulista"
"az-the-collection-paulista","reforma turnkey de studio","Sugestão editorial; validar no Google Ads","Frase / exata","https://bewild.com.br/portfolio/az-the-collection-paulista"
"az-the-collection-paulista","reforma de apartamento em Paulista","Sugestão editorial; validar no Google Ads","Frase / exata","https://bewild.com.br/portfolio/az-the-collection-paulista"
"sf-organy-essencial-vila-clementino","reforma studio vila clementino","Sugestão editorial; validar no Google Ads","Frase / exata","https://bewild.com.br/portfolio/sf-organy-essencial-vila-clementino"
"sf-organy-essencial-vila-clementino","reforma de studio","Sugestão editorial; validar no Google Ads","Frase / exata","https://bewild.com.br/portfolio/sf-organy-essencial-vila-clementino"
"sf-organy-essencial-vila-clementino","marcenaria para studio","Sugestão editorial; validar no Google Ads","Frase / exata","https://bewild.com.br/portfolio/sf-organy-essencial-vila-clementino"
"sf-organy-essencial-vila-clementino","projeto studio com cozinha integrada","Sugestão editorial; validar no Google Ads","Frase / exata","https://bewild.com.br/portfolio/sf-organy-essencial-vila-clementino"
"sf-organy-essencial-vila-clementino","empresa de reforma vila clementino","Sugestão editorial; validar no Google Ads","Frase / exata","https://bewild.com.br/portfolio/sf-organy-essencial-vila-clementino"
"sf-organy-essencial-vila-clementino","reforma de studio para locação","Sugestão editorial; validar no Google Ads","Frase / exata","https://bewild.com.br/portfolio/sf-organy-essencial-vila-clementino"
"sf-organy-essencial-vila-clementino","reforma apartamento para Airbnb","Sugestão editorial; validar no Google Ads","Frase / exata","https://bewild.com.br/portfolio/sf-organy-essencial-vila-clementino"
"il-mobi-tucuruvi","Mobi Tucuruvi","Sugestão editorial; validar no Google Ads","Frase / exata","https://bewild.com.br/portfolio/il-mobi-tucuruvi"
"il-mobi-tucuruvi","interiores no Tucuruvi","Sugestão editorial; validar no Google Ads","Frase / exata","https://bewild.com.br/portfolio/il-mobi-tucuruvi"
"il-mobi-tucuruvi","bancada multifuncional","Sugestão editorial; validar no Google Ads","Frase / exata","https://bewild.com.br/portfolio/il-mobi-tucuruvi"
"il-mobi-tucuruvi","bancada com espelho","Sugestão editorial; validar no Google Ads","Frase / exata","https://bewild.com.br/portfolio/il-mobi-tucuruvi"
"il-mobi-tucuruvi","marcenaria amadeirada","Sugestão editorial; validar no Google Ads","Frase / exata","https://bewild.com.br/portfolio/il-mobi-tucuruvi"
"il-mobi-tucuruvi","cozinha integrada","Sugestão editorial; validar no Google Ads","Frase / exata","https://bewild.com.br/portfolio/il-mobi-tucuruvi"
"il-mobi-tucuruvi","armário com cabideiros","Sugestão editorial; validar no Google Ads","Frase / exata","https://bewild.com.br/portfolio/il-mobi-tucuruvi"
"il-mobi-tucuruvi","projeto de estúdio compacto","Sugestão editorial; validar no Google Ads","Frase / exata","https://bewild.com.br/portfolio/il-mobi-tucuruvi"
"il-mobi-tucuruvi","reforma de studio para Airbnb","Sugestão editorial; validar no Google Ads","Frase / exata","https://bewild.com.br/portfolio/il-mobi-tucuruvi"
"il-mobi-tucuruvi","reforma de apartamento para locação por temporada","Sugestão editorial; validar no Google Ads","Frase / exata","https://bewild.com.br/portfolio/il-mobi-tucuruvi"
"il-mobi-tucuruvi","reforma turnkey de studio","Sugestão editorial; validar no Google Ads","Frase / exata","https://bewild.com.br/portfolio/il-mobi-tucuruvi"
"il-mobi-tucuruvi","reforma de apartamento em Tucuruvi","Sugestão editorial; validar no Google Ads","Frase / exata","https://bewild.com.br/portfolio/il-mobi-tucuruvi"
"am-my-one-estacao-frandique-coutinho","My One Estação Frandique Coutinho","Sugestão editorial; validar no Google Ads","Frase / exata","https://bewild.com.br/portfolio/am-my-one-estacao-frandique-coutinho"
"am-my-one-estacao-frandique-coutinho","interiores em Pinheiros","Sugestão editorial; validar no Google Ads","Frase / exata","https://bewild.com.br/portfolio/am-my-one-estacao-frandique-coutinho"
"am-my-one-estacao-frandique-coutinho","projeto de estúdio","Sugestão editorial; validar no Google Ads","Frase / exata","https://bewild.com.br/portfolio/am-my-one-estacao-frandique-coutinho"
"am-my-one-estacao-frandique-coutinho","cozinha linear","Sugestão editorial; validar no Google Ads","Frase / exata","https://bewild.com.br/portfolio/am-my-one-estacao-frandique-coutinho"
"am-my-one-estacao-frandique-coutinho","marcenaria amadeirada","Sugestão editorial; validar no Google Ads","Frase / exata","https://bewild.com.br/portfolio/am-my-one-estacao-frandique-coutinho"
"am-my-one-estacao-frandique-coutinho","bancada de trabalho e refeições","Sugestão editorial; validar no Google Ads","Frase / exata","https://bewild.com.br/portfolio/am-my-one-estacao-frandique-coutinho"
"am-my-one-estacao-frandique-coutinho","quarto com verde suave","Sugestão editorial; validar no Google Ads","Frase / exata","https://bewild.com.br/portfolio/am-my-one-estacao-frandique-coutinho"
"am-my-one-estacao-frandique-coutinho","reforma de studio para Airbnb","Sugestão editorial; validar no Google Ads","Frase / exata","https://bewild.com.br/portfolio/am-my-one-estacao-frandique-coutinho"
"am-my-one-estacao-frandique-coutinho","reforma de apartamento para locação por temporada","Sugestão editorial; validar no Google Ads","Frase / exata","https://bewild.com.br/portfolio/am-my-one-estacao-frandique-coutinho"
"am-my-one-estacao-frandique-coutinho","reforma turnkey de studio","Sugestão editorial; validar no Google Ads","Frase / exata","https://bewild.com.br/portfolio/am-my-one-estacao-frandique-coutinho"
"am-my-one-estacao-frandique-coutinho","reforma de apartamento em Pinheiros","Sugestão editorial; validar no Google Ads","Frase / exata","https://bewild.com.br/portfolio/am-my-one-estacao-frandique-coutinho"
"es","Greenview Brooklin","Sugestão editorial; validar no Google Ads","Frase / exata","https://bewild.com.br/portfolio/es"
"es","Santo Amaro","Sugestão editorial; validar no Google Ads","Frase / exata","https://bewild.com.br/portfolio/es"
"es","estúdio integrado","Sugestão editorial; validar no Google Ads","Frase / exata","https://bewild.com.br/portfolio/es"
"es","cozinha amadeirada","Sugestão editorial; validar no Google Ads","Frase / exata","https://bewild.com.br/portfolio/es"
"es","bancada para refeições e trabalho","Sugestão editorial; validar no Google Ads","Frase / exata","https://bewild.com.br/portfolio/es"
"es","interiores em tons claros","Sugestão editorial; validar no Google Ads","Frase / exata","https://bewild.com.br/portfolio/es"
"es","projeto de estúdio","Sugestão editorial; validar no Google Ads","Frase / exata","https://bewild.com.br/portfolio/es"
"es","reforma de studio para Airbnb","Sugestão editorial; validar no Google Ads","Frase / exata","https://bewild.com.br/portfolio/es"
"es","reforma de apartamento para locação por temporada","Sugestão editorial; validar no Google Ads","Frase / exata","https://bewild.com.br/portfolio/es"
"es","reforma turnkey de studio","Sugestão editorial; validar no Google Ads","Frase / exata","https://bewild.com.br/portfolio/es"
"es","reforma de apartamento em Santo Amaro","Sugestão editorial; validar no Google Ads","Frase / exata","https://bewild.com.br/portfolio/es"
"am-voxx-itaim","Voxx Itaim","Sugestão editorial; validar no Google Ads","Frase / exata","https://bewild.com.br/portfolio/am-voxx-itaim"
"am-voxx-itaim","Vila Nova Conceição","Sugestão editorial; validar no Google Ads","Frase / exata","https://bewild.com.br/portfolio/am-voxx-itaim"
"am-voxx-itaim","projeto de estúdio","Sugestão editorial; validar no Google Ads","Frase / exata","https://bewild.com.br/portfolio/am-voxx-itaim"
"am-voxx-itaim","cozinha linear","Sugestão editorial; validar no Google Ads","Frase / exata","https://bewild.com.br/portfolio/am-voxx-itaim"
"am-voxx-itaim","marcenaria amadeirada","Sugestão editorial; validar no Google Ads","Frase / exata","https://bewild.com.br/portfolio/am-voxx-itaim"
"am-voxx-itaim","bancada de trabalho","Sugestão editorial; validar no Google Ads","Frase / exata","https://bewild.com.br/portfolio/am-voxx-itaim"
"am-voxx-itaim","nichos iluminados","Sugestão editorial; validar no Google Ads","Frase / exata","https://bewild.com.br/portfolio/am-voxx-itaim"
"am-voxx-itaim","cabeceira com espelho","Sugestão editorial; validar no Google Ads","Frase / exata","https://bewild.com.br/portfolio/am-voxx-itaim"
"am-voxx-itaim","reforma de studio para Airbnb","Sugestão editorial; validar no Google Ads","Frase / exata","https://bewild.com.br/portfolio/am-voxx-itaim"
"am-voxx-itaim","reforma de apartamento para locação por temporada","Sugestão editorial; validar no Google Ads","Frase / exata","https://bewild.com.br/portfolio/am-voxx-itaim"
"am-voxx-itaim","reforma turnkey de studio","Sugestão editorial; validar no Google Ads","Frase / exata","https://bewild.com.br/portfolio/am-voxx-itaim"
"am-voxx-itaim","reforma de apartamento em Vila Nova Conceição","Sugestão editorial; validar no Google Ads","Frase / exata","https://bewild.com.br/portfolio/am-voxx-itaim"
"cs-latitude-campo-belo","Latitude Campo Belo","Sugestão editorial; validar no Google Ads","Frase / exata","https://bewild.com.br/portfolio/cs-latitude-campo-belo"
"cs-latitude-campo-belo","interiores no Campo Belo","Sugestão editorial; validar no Google Ads","Frase / exata","https://bewild.com.br/portfolio/cs-latitude-campo-belo"
"cs-latitude-campo-belo","projeto de estúdio","Sugestão editorial; validar no Google Ads","Frase / exata","https://bewild.com.br/portfolio/cs-latitude-campo-belo"
"cs-latitude-campo-belo","cozinha verde-suave","Sugestão editorial; validar no Google Ads","Frase / exata","https://bewild.com.br/portfolio/cs-latitude-campo-belo"
"cs-latitude-campo-belo","marcenaria amadeirada","Sugestão editorial; validar no Google Ads","Frase / exata","https://bewild.com.br/portfolio/cs-latitude-campo-belo"
"cs-latitude-campo-belo","escrivaninha integrada","Sugestão editorial; validar no Google Ads","Frase / exata","https://bewild.com.br/portfolio/cs-latitude-campo-belo"
"cs-latitude-campo-belo","mesa redonda","Sugestão editorial; validar no Google Ads","Frase / exata","https://bewild.com.br/portfolio/cs-latitude-campo-belo"
"cs-latitude-campo-belo","bancada pontilhada","Sugestão editorial; validar no Google Ads","Frase / exata","https://bewild.com.br/portfolio/cs-latitude-campo-belo"
"cs-latitude-campo-belo","reforma de studio para Airbnb","Sugestão editorial; validar no Google Ads","Frase / exata","https://bewild.com.br/portfolio/cs-latitude-campo-belo"
"cs-latitude-campo-belo","reforma de apartamento para locação por temporada","Sugestão editorial; validar no Google Ads","Frase / exata","https://bewild.com.br/portfolio/cs-latitude-campo-belo"
"cs-latitude-campo-belo","reforma turnkey de studio","Sugestão editorial; validar no Google Ads","Frase / exata","https://bewild.com.br/portfolio/cs-latitude-campo-belo"
"cs-latitude-campo-belo","reforma de apartamento em Campo Belo","Sugestão editorial; validar no Google Ads","Frase / exata","https://bewild.com.br/portfolio/cs-latitude-campo-belo"
"scjb-nik-paulista","NIK Paulista","Sugestão editorial; validar no Google Ads","Frase / exata","https://bewild.com.br/portfolio/scjb-nik-paulista"
"scjb-nik-paulista","interiores na Paulista","Sugestão editorial; validar no Google Ads","Frase / exata","https://bewild.com.br/portfolio/scjb-nik-paulista"
"scjb-nik-paulista","projeto de estúdio compacto","Sugestão editorial; validar no Google Ads","Frase / exata","https://bewild.com.br/portfolio/scjb-nik-paulista"
"scjb-nik-paulista","cozinha amadeirada","Sugestão editorial; validar no Google Ads","Frase / exata","https://bewild.com.br/portfolio/scjb-nik-paulista"
"scjb-nik-paulista","bancada para refeições e trabalho","Sugestão editorial; validar no Google Ads","Frase / exata","https://bewild.com.br/portfolio/scjb-nik-paulista"
"scjb-nik-paulista","cabeceira estofada","Sugestão editorial; validar no Google Ads","Frase / exata","https://bewild.com.br/portfolio/scjb-nik-paulista"
"scjb-nik-paulista","interiores em tons de cinza","Sugestão editorial; validar no Google Ads","Frase / exata","https://bewild.com.br/portfolio/scjb-nik-paulista"
"scjb-nik-paulista","reforma de studio para Airbnb","Sugestão editorial; validar no Google Ads","Frase / exata","https://bewild.com.br/portfolio/scjb-nik-paulista"
"scjb-nik-paulista","reforma de apartamento para locação por temporada","Sugestão editorial; validar no Google Ads","Frase / exata","https://bewild.com.br/portfolio/scjb-nik-paulista"
"scjb-nik-paulista","reforma turnkey de studio","Sugestão editorial; validar no Google Ads","Frase / exata","https://bewild.com.br/portfolio/scjb-nik-paulista"
"scjb-nik-paulista","reforma de apartamento em Paulista","Sugestão editorial; validar no Google Ads","Frase / exata","https://bewild.com.br/portfolio/scjb-nik-paulista"
"rw-the-collection-puq-sp","The Collection","Sugestão editorial; validar no Google Ads","Frase / exata","https://bewild.com.br/portfolio/rw-the-collection-puq-sp"
"rw-the-collection-puq-sp","estúdio em Perdizes","Sugestão editorial; validar no Google Ads","Frase / exata","https://bewild.com.br/portfolio/rw-the-collection-puq-sp"
"rw-the-collection-puq-sp","projeto de interiores","Sugestão editorial; validar no Google Ads","Frase / exata","https://bewild.com.br/portfolio/rw-the-collection-puq-sp"
"rw-the-collection-puq-sp","marcenaria amadeirada","Sugestão editorial; validar no Google Ads","Frase / exata","https://bewild.com.br/portfolio/rw-the-collection-puq-sp"
"rw-the-collection-puq-sp","bancada de trabalho","Sugestão editorial; validar no Google Ads","Frase / exata","https://bewild.com.br/portfolio/rw-the-collection-puq-sp"
"rw-the-collection-puq-sp","lavatório externo","Sugestão editorial; validar no Google Ads","Frase / exata","https://bewild.com.br/portfolio/rw-the-collection-puq-sp"
"rw-the-collection-puq-sp","cabeceira iluminada","Sugestão editorial; validar no Google Ads","Frase / exata","https://bewild.com.br/portfolio/rw-the-collection-puq-sp"
"rw-the-collection-puq-sp","reforma de studio para Airbnb","Sugestão editorial; validar no Google Ads","Frase / exata","https://bewild.com.br/portfolio/rw-the-collection-puq-sp"
"rw-the-collection-puq-sp","reforma de apartamento para locação por temporada","Sugestão editorial; validar no Google Ads","Frase / exata","https://bewild.com.br/portfolio/rw-the-collection-puq-sp"
"rw-the-collection-puq-sp","reforma turnkey de studio","Sugestão editorial; validar no Google Ads","Frase / exata","https://bewild.com.br/portfolio/rw-the-collection-puq-sp"
"rw-the-collection-puq-sp","reforma de apartamento em Perdizes","Sugestão editorial; validar no Google Ads","Frase / exata","https://bewild.com.br/portfolio/rw-the-collection-puq-sp"
"ec-nurban-santa-cecilia","Nurban Santa Cecília","Sugestão editorial; validar no Google Ads","Frase / exata","https://bewild.com.br/portfolio/ec-nurban-santa-cecilia"
"ec-nurban-santa-cecilia","Campos Elíseos","Sugestão editorial; validar no Google Ads","Frase / exata","https://bewild.com.br/portfolio/ec-nurban-santa-cecilia"
"ec-nurban-santa-cecilia","projeto de estúdio","Sugestão editorial; validar no Google Ads","Frase / exata","https://bewild.com.br/portfolio/ec-nurban-santa-cecilia"
"ec-nurban-santa-cecilia","cozinha linear","Sugestão editorial; validar no Google Ads","Frase / exata","https://bewild.com.br/portfolio/ec-nurban-santa-cecilia"
"ec-nurban-santa-cecilia","revestimento azul","Sugestão editorial; validar no Google Ads","Frase / exata","https://bewild.com.br/portfolio/ec-nurban-santa-cecilia"
"ec-nurban-santa-cecilia","cabeceira amadeirada","Sugestão editorial; validar no Google Ads","Frase / exata","https://bewild.com.br/portfolio/ec-nurban-santa-cecilia"
"ec-nurban-santa-cecilia","bancada multifuncional","Sugestão editorial; validar no Google Ads","Frase / exata","https://bewild.com.br/portfolio/ec-nurban-santa-cecilia"
"ec-nurban-santa-cecilia","interiores compactos","Sugestão editorial; validar no Google Ads","Frase / exata","https://bewild.com.br/portfolio/ec-nurban-santa-cecilia"
"ec-nurban-santa-cecilia","reforma de studio para Airbnb","Sugestão editorial; validar no Google Ads","Frase / exata","https://bewild.com.br/portfolio/ec-nurban-santa-cecilia"
"ec-nurban-santa-cecilia","reforma de apartamento para locação por temporada","Sugestão editorial; validar no Google Ads","Frase / exata","https://bewild.com.br/portfolio/ec-nurban-santa-cecilia"
"ec-nurban-santa-cecilia","reforma turnkey de studio","Sugestão editorial; validar no Google Ads","Frase / exata","https://bewild.com.br/portfolio/ec-nurban-santa-cecilia"
"ec-nurban-santa-cecilia","reforma de apartamento em Campos Elisios","Sugestão editorial; validar no Google Ads","Frase / exata","https://bewild.com.br/portfolio/ec-nurban-santa-cecilia"
"al-nurban-santa-cecilia","Nurban Santa Cecília","Sugestão editorial; validar no Google Ads","Frase / exata","https://bewild.com.br/portfolio/al-nurban-santa-cecilia"
"al-nurban-santa-cecilia","interiores em Santa Cecília","Sugestão editorial; validar no Google Ads","Frase / exata","https://bewild.com.br/portfolio/al-nurban-santa-cecilia"
"al-nurban-santa-cecilia","cozinha linear cinza","Sugestão editorial; validar no Google Ads","Frase / exata","https://bewild.com.br/portfolio/al-nurban-santa-cecilia"
"al-nurban-santa-cecilia","painel de separação","Sugestão editorial; validar no Google Ads","Frase / exata","https://bewild.com.br/portfolio/al-nurban-santa-cecilia"
"al-nurban-santa-cecilia","marcenaria amadeirada","Sugestão editorial; validar no Google Ads","Frase / exata","https://bewild.com.br/portfolio/al-nurban-santa-cecilia"
"al-nurban-santa-cecilia","armário de roupas","Sugestão editorial; validar no Google Ads","Frase / exata","https://bewild.com.br/portfolio/al-nurban-santa-cecilia"
"al-nurban-santa-cecilia","mesa de refeições","Sugestão editorial; validar no Google Ads","Frase / exata","https://bewild.com.br/portfolio/al-nurban-santa-cecilia"
"al-nurban-santa-cecilia","visualização 3D de interiores","Sugestão editorial; validar no Google Ads","Frase / exata","https://bewild.com.br/portfolio/al-nurban-santa-cecilia"
"al-nurban-santa-cecilia","reforma de studio para Airbnb","Sugestão editorial; validar no Google Ads","Frase / exata","https://bewild.com.br/portfolio/al-nurban-santa-cecilia"
"al-nurban-santa-cecilia","reforma de apartamento para locação por temporada","Sugestão editorial; validar no Google Ads","Frase / exata","https://bewild.com.br/portfolio/al-nurban-santa-cecilia"
"al-nurban-santa-cecilia","reforma turnkey de studio","Sugestão editorial; validar no Google Ads","Frase / exata","https://bewild.com.br/portfolio/al-nurban-santa-cecilia"
"al-nurban-santa-cecilia","reforma de apartamento em Santa Cecília","Sugestão editorial; validar no Google Ads","Frase / exata","https://bewild.com.br/portfolio/al-nurban-santa-cecilia"
"vhms-on-vila-madalena","reforma studio vila madalena","Sugestão editorial; validar no Google Ads","Frase / exata","https://bewild.com.br/portfolio/vhms-on-vila-madalena"
"vhms-on-vila-madalena","studio 25,75 m2 projeto","Sugestão editorial; validar no Google Ads","Frase / exata","https://bewild.com.br/portfolio/vhms-on-vila-madalena"
"vhms-on-vila-madalena","projeto studio com varanda","Sugestão editorial; validar no Google Ads","Frase / exata","https://bewild.com.br/portfolio/vhms-on-vila-madalena"
"vhms-on-vila-madalena","home office em studio","Sugestão editorial; validar no Google Ads","Frase / exata","https://bewild.com.br/portfolio/vhms-on-vila-madalena"
"vhms-on-vila-madalena","reforma apartamento vila madalena","Sugestão editorial; validar no Google Ads","Frase / exata","https://bewild.com.br/portfolio/vhms-on-vila-madalena"
"vhms-on-vila-madalena","reforma de studio para locação","Sugestão editorial; validar no Google Ads","Frase / exata","https://bewild.com.br/portfolio/vhms-on-vila-madalena"
"vhms-on-vila-madalena","reforma apartamento para Airbnb","Sugestão editorial; validar no Google Ads","Frase / exata","https://bewild.com.br/portfolio/vhms-on-vila-madalena"
"jr-vitacon-boa-vista","Vitacon Boa Vista","Sugestão editorial; validar no Google Ads","Frase / exata","https://bewild.com.br/portfolio/jr-vitacon-boa-vista"
"jr-vitacon-boa-vista","Alto da Boa Vista","Sugestão editorial; validar no Google Ads","Frase / exata","https://bewild.com.br/portfolio/jr-vitacon-boa-vista"
"jr-vitacon-boa-vista","proposta de interiores","Sugestão editorial; validar no Google Ads","Frase / exata","https://bewild.com.br/portfolio/jr-vitacon-boa-vista"
"jr-vitacon-boa-vista","cozinha compacta","Sugestão editorial; validar no Google Ads","Frase / exata","https://bewild.com.br/portfolio/jr-vitacon-boa-vista"
"jr-vitacon-boa-vista","mesa para refeições e trabalho","Sugestão editorial; validar no Google Ads","Frase / exata","https://bewild.com.br/portfolio/jr-vitacon-boa-vista"
"jr-vitacon-boa-vista","marcenaria amadeirada","Sugestão editorial; validar no Google Ads","Frase / exata","https://bewild.com.br/portfolio/jr-vitacon-boa-vista"
"jr-vitacon-boa-vista","banheiro com espelho orgânico","Sugestão editorial; validar no Google Ads","Frase / exata","https://bewild.com.br/portfolio/jr-vitacon-boa-vista"
"jr-vitacon-boa-vista","reforma de studio para Airbnb","Sugestão editorial; validar no Google Ads","Frase / exata","https://bewild.com.br/portfolio/jr-vitacon-boa-vista"
"jr-vitacon-boa-vista","reforma de apartamento para locação por temporada","Sugestão editorial; validar no Google Ads","Frase / exata","https://bewild.com.br/portfolio/jr-vitacon-boa-vista"
"jr-vitacon-boa-vista","reforma turnkey de studio","Sugestão editorial; validar no Google Ads","Frase / exata","https://bewild.com.br/portfolio/jr-vitacon-boa-vista"
"jr-vitacon-boa-vista","reforma de apartamento em Alto da Boa Vista","Sugestão editorial; validar no Google Ads","Frase / exata","https://bewild.com.br/portfolio/jr-vitacon-boa-vista"
"ah-place-klabin-residence","Place Klabin Residence","Sugestão editorial; validar no Google Ads","Frase / exata","https://bewild.com.br/portfolio/ah-place-klabin-residence"
"ah-place-klabin-residence","Chácara Klabin","Sugestão editorial; validar no Google Ads","Frase / exata","https://bewild.com.br/portfolio/ah-place-klabin-residence"
"ah-place-klabin-residence","projeto de estúdio","Sugestão editorial; validar no Google Ads","Frase / exata","https://bewild.com.br/portfolio/ah-place-klabin-residence"
"ah-place-klabin-residence","cozinha linear","Sugestão editorial; validar no Google Ads","Frase / exata","https://bewild.com.br/portfolio/ah-place-klabin-residence"
"ah-place-klabin-residence","marcenaria cinza e amadeirada","Sugestão editorial; validar no Google Ads","Frase / exata","https://bewild.com.br/portfolio/ah-place-klabin-residence"
"ah-place-klabin-residence","cabeceira amadeirada","Sugestão editorial; validar no Google Ads","Frase / exata","https://bewild.com.br/portfolio/ah-place-klabin-residence"
"ah-place-klabin-residence","interiores em 3D","Sugestão editorial; validar no Google Ads","Frase / exata","https://bewild.com.br/portfolio/ah-place-klabin-residence"
"ah-place-klabin-residence","reforma de studio para Airbnb","Sugestão editorial; validar no Google Ads","Frase / exata","https://bewild.com.br/portfolio/ah-place-klabin-residence"
"ah-place-klabin-residence","reforma de apartamento para locação por temporada","Sugestão editorial; validar no Google Ads","Frase / exata","https://bewild.com.br/portfolio/ah-place-klabin-residence"
"ah-place-klabin-residence","reforma turnkey de studio","Sugestão editorial; validar no Google Ads","Frase / exata","https://bewild.com.br/portfolio/ah-place-klabin-residence"
"ah-place-klabin-residence","reforma de apartamento em Chácara Klabin","Sugestão editorial; validar no Google Ads","Frase / exata","https://bewild.com.br/portfolio/ah-place-klabin-residence"
"ea-now-butanta","reforma studio butanta","Sugestão editorial; validar no Google Ads","Frase / exata","https://bewild.com.br/portfolio/ea-now-butanta"
"ea-now-butanta","reforma now butanta","Sugestão editorial; validar no Google Ads","Frase / exata","https://bewild.com.br/portfolio/ea-now-butanta"
"ea-now-butanta","studio industrial projeto","Sugestão editorial; validar no Google Ads","Frase / exata","https://bewild.com.br/portfolio/ea-now-butanta"
"ea-now-butanta","reforma studio 29,35 m2","Sugestão editorial; validar no Google Ads","Frase / exata","https://bewild.com.br/portfolio/ea-now-butanta"
"ea-now-butanta","studio com bancada de trabalho","Sugestão editorial; validar no Google Ads","Frase / exata","https://bewild.com.br/portfolio/ea-now-butanta"
"ea-now-butanta","reforma de studio para locação","Sugestão editorial; validar no Google Ads","Frase / exata","https://bewild.com.br/portfolio/ea-now-butanta"
"ea-now-butanta","reforma apartamento para Airbnb","Sugestão editorial; validar no Google Ads","Frase / exata","https://bewild.com.br/portfolio/ea-now-butanta"
"ga-id-home-lifestyle-paraiso","ID Home & Lifestyle Paraíso","Sugestão editorial; validar no Google Ads","Frase / exata","https://bewild.com.br/portfolio/ga-id-home-lifestyle-paraiso"
"ga-id-home-lifestyle-paraiso","estúdio no Paraíso","Sugestão editorial; validar no Google Ads","Frase / exata","https://bewild.com.br/portfolio/ga-id-home-lifestyle-paraiso"
"ga-id-home-lifestyle-paraiso","cozinha linear","Sugestão editorial; validar no Google Ads","Frase / exata","https://bewild.com.br/portfolio/ga-id-home-lifestyle-paraiso"
"ga-id-home-lifestyle-paraiso","marcenaria amadeirada","Sugestão editorial; validar no Google Ads","Frase / exata","https://bewild.com.br/portfolio/ga-id-home-lifestyle-paraiso"
"ga-id-home-lifestyle-paraiso","bancada de refeições e trabalho","Sugestão editorial; validar no Google Ads","Frase / exata","https://bewild.com.br/portfolio/ga-id-home-lifestyle-paraiso"
"ga-id-home-lifestyle-paraiso","interiores em 3D","Sugestão editorial; validar no Google Ads","Frase / exata","https://bewild.com.br/portfolio/ga-id-home-lifestyle-paraiso"
"ga-id-home-lifestyle-paraiso","cadeiras azuladas","Sugestão editorial; validar no Google Ads","Frase / exata","https://bewild.com.br/portfolio/ga-id-home-lifestyle-paraiso"
"ga-id-home-lifestyle-paraiso","reforma de studio para Airbnb","Sugestão editorial; validar no Google Ads","Frase / exata","https://bewild.com.br/portfolio/ga-id-home-lifestyle-paraiso"
"ga-id-home-lifestyle-paraiso","reforma de apartamento para locação por temporada","Sugestão editorial; validar no Google Ads","Frase / exata","https://bewild.com.br/portfolio/ga-id-home-lifestyle-paraiso"
"ga-id-home-lifestyle-paraiso","reforma turnkey de studio","Sugestão editorial; validar no Google Ads","Frase / exata","https://bewild.com.br/portfolio/ga-id-home-lifestyle-paraiso"
"ga-id-home-lifestyle-paraiso","reforma de apartamento em Paraíso","Sugestão editorial; validar no Google Ads","Frase / exata","https://bewild.com.br/portfolio/ga-id-home-lifestyle-paraiso"
"cr-exalt-ibirapuera-by-ez","Exalt Ibirapuera by EZ","Sugestão editorial; validar no Google Ads","Frase / exata","https://bewild.com.br/portfolio/cr-exalt-ibirapuera-by-ez"
"cr-exalt-ibirapuera-by-ez","Vila Clementino","Sugestão editorial; validar no Google Ads","Frase / exata","https://bewild.com.br/portfolio/cr-exalt-ibirapuera-by-ez"
"cr-exalt-ibirapuera-by-ez","projeto de estúdio","Sugestão editorial; validar no Google Ads","Frase / exata","https://bewild.com.br/portfolio/cr-exalt-ibirapuera-by-ez"
"cr-exalt-ibirapuera-by-ez","cozinha linear","Sugestão editorial; validar no Google Ads","Frase / exata","https://bewild.com.br/portfolio/cr-exalt-ibirapuera-by-ez"
"cr-exalt-ibirapuera-by-ez","marcenaria amadeirada","Sugestão editorial; validar no Google Ads","Frase / exata","https://bewild.com.br/portfolio/cr-exalt-ibirapuera-by-ez"
"cr-exalt-ibirapuera-by-ez","parede verde suave","Sugestão editorial; validar no Google Ads","Frase / exata","https://bewild.com.br/portfolio/cr-exalt-ibirapuera-by-ez"
"cr-exalt-ibirapuera-by-ez","bancada multifuncional","Sugestão editorial; validar no Google Ads","Frase / exata","https://bewild.com.br/portfolio/cr-exalt-ibirapuera-by-ez"
"cr-exalt-ibirapuera-by-ez","visualizações 3D de interiores","Sugestão editorial; validar no Google Ads","Frase / exata","https://bewild.com.br/portfolio/cr-exalt-ibirapuera-by-ez"
"cr-exalt-ibirapuera-by-ez","reforma de studio para Airbnb","Sugestão editorial; validar no Google Ads","Frase / exata","https://bewild.com.br/portfolio/cr-exalt-ibirapuera-by-ez"
"cr-exalt-ibirapuera-by-ez","reforma de apartamento para locação por temporada","Sugestão editorial; validar no Google Ads","Frase / exata","https://bewild.com.br/portfolio/cr-exalt-ibirapuera-by-ez"
"cr-exalt-ibirapuera-by-ez","reforma turnkey de studio","Sugestão editorial; validar no Google Ads","Frase / exata","https://bewild.com.br/portfolio/cr-exalt-ibirapuera-by-ez"
"cr-exalt-ibirapuera-by-ez","reforma de apartamento em Vila Clementino","Sugestão editorial; validar no Google Ads","Frase / exata","https://bewild.com.br/portfolio/cr-exalt-ibirapuera-by-ez"
"cr-artesano-oscar-porto","Artesano Oscar Porto","Sugestão editorial; validar no Google Ads","Frase / exata","https://bewild.com.br/portfolio/cr-artesano-oscar-porto"
"cr-artesano-oscar-porto","estúdio no Paraíso","Sugestão editorial; validar no Google Ads","Frase / exata","https://bewild.com.br/portfolio/cr-artesano-oscar-porto"
"cr-artesano-oscar-porto","proposta de interiores","Sugestão editorial; validar no Google Ads","Frase / exata","https://bewild.com.br/portfolio/cr-artesano-oscar-porto"
"cr-artesano-oscar-porto","cozinha linear grafite","Sugestão editorial; validar no Google Ads","Frase / exata","https://bewild.com.br/portfolio/cr-artesano-oscar-porto"
"cr-artesano-oscar-porto","marcenaria amadeirada","Sugestão editorial; validar no Google Ads","Frase / exata","https://bewild.com.br/portfolio/cr-artesano-oscar-porto"
"cr-artesano-oscar-porto","bancada de trabalho","Sugestão editorial; validar no Google Ads","Frase / exata","https://bewild.com.br/portfolio/cr-artesano-oscar-porto"
"cr-artesano-oscar-porto","cabeceira amadeirada","Sugestão editorial; validar no Google Ads","Frase / exata","https://bewild.com.br/portfolio/cr-artesano-oscar-porto"
"cr-artesano-oscar-porto","reforma de studio para Airbnb","Sugestão editorial; validar no Google Ads","Frase / exata","https://bewild.com.br/portfolio/cr-artesano-oscar-porto"
"cr-artesano-oscar-porto","reforma de apartamento para locação por temporada","Sugestão editorial; validar no Google Ads","Frase / exata","https://bewild.com.br/portfolio/cr-artesano-oscar-porto"
"cr-artesano-oscar-porto","reforma turnkey de studio","Sugestão editorial; validar no Google Ads","Frase / exata","https://bewild.com.br/portfolio/cr-artesano-oscar-porto"
"cr-artesano-oscar-porto","reforma de apartamento em Paraíso","Sugestão editorial; validar no Google Ads","Frase / exata","https://bewild.com.br/portfolio/cr-artesano-oscar-porto"
"lc-highlights-pinheiros","Highlights Pinheiros","Sugestão editorial; validar no Google Ads","Frase / exata","https://bewild.com.br/portfolio/lc-highlights-pinheiros"
"lc-highlights-pinheiros","interiores em Pinheiros","Sugestão editorial; validar no Google Ads","Frase / exata","https://bewild.com.br/portfolio/lc-highlights-pinheiros"
"lc-highlights-pinheiros","projeto de estúdio","Sugestão editorial; validar no Google Ads","Frase / exata","https://bewild.com.br/portfolio/lc-highlights-pinheiros"
"lc-highlights-pinheiros","paleta terracota","Sugestão editorial; validar no Google Ads","Frase / exata","https://bewild.com.br/portfolio/lc-highlights-pinheiros"
"lc-highlights-pinheiros","marcenaria para roupas","Sugestão editorial; validar no Google Ads","Frase / exata","https://bewild.com.br/portfolio/lc-highlights-pinheiros"
"lc-highlights-pinheiros","cozinha integrada","Sugestão editorial; validar no Google Ads","Frase / exata","https://bewild.com.br/portfolio/lc-highlights-pinheiros"
"lc-highlights-pinheiros","bancada de refeições","Sugestão editorial; validar no Google Ads","Frase / exata","https://bewild.com.br/portfolio/lc-highlights-pinheiros"
"lc-highlights-pinheiros","reforma completa de apartamento para morar","Sugestão editorial; validar no Google Ads","Frase / exata","https://bewild.com.br/portfolio/lc-highlights-pinheiros"
"lc-highlights-pinheiros","arquitetura de interiores para apartamento compacto","Sugestão editorial; validar no Google Ads","Frase / exata","https://bewild.com.br/portfolio/lc-highlights-pinheiros"
"lc-highlights-pinheiros","reforma turnkey residencial","Sugestão editorial; validar no Google Ads","Frase / exata","https://bewild.com.br/portfolio/lc-highlights-pinheiros"
"lc-highlights-pinheiros","reforma de apartamento em Pinheiros","Sugestão editorial; validar no Google Ads","Frase / exata","https://bewild.com.br/portfolio/lc-highlights-pinheiros"
"mc-level-brooklin","Level Brooklin","Sugestão editorial; validar no Google Ads","Frase / exata","https://bewild.com.br/portfolio/mc-level-brooklin"
"mc-level-brooklin","interiores em Santo Amaro","Sugestão editorial; validar no Google Ads","Frase / exata","https://bewild.com.br/portfolio/mc-level-brooklin"
"mc-level-brooklin","projeto de estúdio","Sugestão editorial; validar no Google Ads","Frase / exata","https://bewild.com.br/portfolio/mc-level-brooklin"
"mc-level-brooklin","verde oliva","Sugestão editorial; validar no Google Ads","Frase / exata","https://bewild.com.br/portfolio/mc-level-brooklin"
"mc-level-brooklin","marcenaria clara","Sugestão editorial; validar no Google Ads","Frase / exata","https://bewild.com.br/portfolio/mc-level-brooklin"
"mc-level-brooklin","bancada de trabalho","Sugestão editorial; validar no Google Ads","Frase / exata","https://bewild.com.br/portfolio/mc-level-brooklin"
"mc-level-brooklin","mesa na varanda","Sugestão editorial; validar no Google Ads","Frase / exata","https://bewild.com.br/portfolio/mc-level-brooklin"
"mc-level-brooklin","reforma de studio para Airbnb","Sugestão editorial; validar no Google Ads","Frase / exata","https://bewild.com.br/portfolio/mc-level-brooklin"
"mc-level-brooklin","reforma de apartamento para locação por temporada","Sugestão editorial; validar no Google Ads","Frase / exata","https://bewild.com.br/portfolio/mc-level-brooklin"
"mc-level-brooklin","reforma turnkey de studio","Sugestão editorial; validar no Google Ads","Frase / exata","https://bewild.com.br/portfolio/mc-level-brooklin"
"mc-level-brooklin","reforma de apartamento em Santo Amaro","Sugestão editorial; validar no Google Ads","Frase / exata","https://bewild.com.br/portfolio/mc-level-brooklin"
"vv-casa-ibirapuera-cyrela","Casa Ibirapuera Cyrela","Sugestão editorial; validar no Google Ads","Frase / exata","https://bewild.com.br/portfolio/vv-casa-ibirapuera-cyrela"
"vv-casa-ibirapuera-cyrela","Vila Clementino","Sugestão editorial; validar no Google Ads","Frase / exata","https://bewild.com.br/portfolio/vv-casa-ibirapuera-cyrela"
"vv-casa-ibirapuera-cyrela","projeto de estúdio","Sugestão editorial; validar no Google Ads","Frase / exata","https://bewild.com.br/portfolio/vv-casa-ibirapuera-cyrela"
"vv-casa-ibirapuera-cyrela","cozinha linear","Sugestão editorial; validar no Google Ads","Frase / exata","https://bewild.com.br/portfolio/vv-casa-ibirapuera-cyrela"
"vv-casa-ibirapuera-cyrela","marcenaria cinza e amadeirada","Sugestão editorial; validar no Google Ads","Frase / exata","https://bewild.com.br/portfolio/vv-casa-ibirapuera-cyrela"
"vv-casa-ibirapuera-cyrela","bancada para refeições e trabalho","Sugestão editorial; validar no Google Ads","Frase / exata","https://bewild.com.br/portfolio/vv-casa-ibirapuera-cyrela"
"vv-casa-ibirapuera-cyrela","parede com aparência de tijolinhos","Sugestão editorial; validar no Google Ads","Frase / exata","https://bewild.com.br/portfolio/vv-casa-ibirapuera-cyrela"
"vv-casa-ibirapuera-cyrela","reforma de studio para Airbnb","Sugestão editorial; validar no Google Ads","Frase / exata","https://bewild.com.br/portfolio/vv-casa-ibirapuera-cyrela"
"vv-casa-ibirapuera-cyrela","reforma de apartamento para locação por temporada","Sugestão editorial; validar no Google Ads","Frase / exata","https://bewild.com.br/portfolio/vv-casa-ibirapuera-cyrela"
"vv-casa-ibirapuera-cyrela","reforma turnkey de studio","Sugestão editorial; validar no Google Ads","Frase / exata","https://bewild.com.br/portfolio/vv-casa-ibirapuera-cyrela"
"vv-casa-ibirapuera-cyrela","reforma de apartamento em Vila Clementino","Sugestão editorial; validar no Google Ads","Frase / exata","https://bewild.com.br/portfolio/vv-casa-ibirapuera-cyrela"
"cc-yby-urban-home","YBY Urban Home","Sugestão editorial; validar no Google Ads","Frase / exata","https://bewild.com.br/portfolio/cc-yby-urban-home"
"cc-yby-urban-home","Vila Clementino","Sugestão editorial; validar no Google Ads","Frase / exata","https://bewild.com.br/portfolio/cc-yby-urban-home"
"cc-yby-urban-home","projeto de estúdio","Sugestão editorial; validar no Google Ads","Frase / exata","https://bewild.com.br/portfolio/cc-yby-urban-home"
"cc-yby-urban-home","cozinha com bancada escura","Sugestão editorial; validar no Google Ads","Frase / exata","https://bewild.com.br/portfolio/cc-yby-urban-home"
"cc-yby-urban-home","área de trabalho integrada","Sugestão editorial; validar no Google Ads","Frase / exata","https://bewild.com.br/portfolio/cc-yby-urban-home"
"cc-yby-urban-home","marcenaria clara","Sugestão editorial; validar no Google Ads","Frase / exata","https://bewild.com.br/portfolio/cc-yby-urban-home"
"cc-yby-urban-home","guarda-roupa","Sugestão editorial; validar no Google Ads","Frase / exata","https://bewild.com.br/portfolio/cc-yby-urban-home"
"cc-yby-urban-home","espelho junto à cama","Sugestão editorial; validar no Google Ads","Frase / exata","https://bewild.com.br/portfolio/cc-yby-urban-home"
"cc-yby-urban-home","reforma de studio para Airbnb","Sugestão editorial; validar no Google Ads","Frase / exata","https://bewild.com.br/portfolio/cc-yby-urban-home"
"cc-yby-urban-home","reforma de apartamento para locação por temporada","Sugestão editorial; validar no Google Ads","Frase / exata","https://bewild.com.br/portfolio/cc-yby-urban-home"
"cc-yby-urban-home","reforma turnkey de studio","Sugestão editorial; validar no Google Ads","Frase / exata","https://bewild.com.br/portfolio/cc-yby-urban-home"
"cc-yby-urban-home","reforma de apartamento em Vila Clementino","Sugestão editorial; validar no Google Ads","Frase / exata","https://bewild.com.br/portfolio/cc-yby-urban-home"
"mf-villa-studios-ibirapuera","Villa Studios Ibirapuera","Sugestão editorial; validar no Google Ads","Frase / exata","https://bewild.com.br/portfolio/mf-villa-studios-ibirapuera"
"mf-villa-studios-ibirapuera","Indianópolis","Sugestão editorial; validar no Google Ads","Frase / exata","https://bewild.com.br/portfolio/mf-villa-studios-ibirapuera"
"mf-villa-studios-ibirapuera","projeto de estúdio","Sugestão editorial; validar no Google Ads","Frase / exata","https://bewild.com.br/portfolio/mf-villa-studios-ibirapuera"
"mf-villa-studios-ibirapuera","cozinha compacta","Sugestão editorial; validar no Google Ads","Frase / exata","https://bewild.com.br/portfolio/mf-villa-studios-ibirapuera"
"mf-villa-studios-ibirapuera","marcenaria amadeirada","Sugestão editorial; validar no Google Ads","Frase / exata","https://bewild.com.br/portfolio/mf-villa-studios-ibirapuera"
"mf-villa-studios-ibirapuera","cabeceira contínua","Sugestão editorial; validar no Google Ads","Frase / exata","https://bewild.com.br/portfolio/mf-villa-studios-ibirapuera"
"mf-villa-studios-ibirapuera","interiores em tons de cinza","Sugestão editorial; validar no Google Ads","Frase / exata","https://bewild.com.br/portfolio/mf-villa-studios-ibirapuera"
"mf-villa-studios-ibirapuera","reforma de studio para Airbnb","Sugestão editorial; validar no Google Ads","Frase / exata","https://bewild.com.br/portfolio/mf-villa-studios-ibirapuera"
"mf-villa-studios-ibirapuera","reforma de apartamento para locação por temporada","Sugestão editorial; validar no Google Ads","Frase / exata","https://bewild.com.br/portfolio/mf-villa-studios-ibirapuera"
"mf-villa-studios-ibirapuera","reforma turnkey de studio","Sugestão editorial; validar no Google Ads","Frase / exata","https://bewild.com.br/portfolio/mf-villa-studios-ibirapuera"
"mf-villa-studios-ibirapuera","reforma de apartamento em Indianópolis","Sugestão editorial; validar no Google Ads","Frase / exata","https://bewild.com.br/portfolio/mf-villa-studios-ibirapuera"
"al-brooklin-90","Brooklin 90","Sugestão editorial; validar no Google Ads","Frase / exata","https://bewild.com.br/portfolio/al-brooklin-90"
"al-brooklin-90","Jardim das Acácias","Sugestão editorial; validar no Google Ads","Frase / exata","https://bewild.com.br/portfolio/al-brooklin-90"
"al-brooklin-90","projeto de estúdio","Sugestão editorial; validar no Google Ads","Frase / exata","https://bewild.com.br/portfolio/al-brooklin-90"
"al-brooklin-90","bancada de trabalho","Sugestão editorial; validar no Google Ads","Frase / exata","https://bewild.com.br/portfolio/al-brooklin-90"
"al-brooklin-90","sofá junto à cama","Sugestão editorial; validar no Google Ads","Frase / exata","https://bewild.com.br/portfolio/al-brooklin-90"
"al-brooklin-90","marcenaria amadeirada","Sugestão editorial; validar no Google Ads","Frase / exata","https://bewild.com.br/portfolio/al-brooklin-90"
"al-brooklin-90","interiores em tons neutros","Sugestão editorial; validar no Google Ads","Frase / exata","https://bewild.com.br/portfolio/al-brooklin-90"
"al-brooklin-90","reforma de studio para Airbnb","Sugestão editorial; validar no Google Ads","Frase / exata","https://bewild.com.br/portfolio/al-brooklin-90"
"al-brooklin-90","reforma de apartamento para locação por temporada","Sugestão editorial; validar no Google Ads","Frase / exata","https://bewild.com.br/portfolio/al-brooklin-90"
"al-brooklin-90","reforma turnkey de studio","Sugestão editorial; validar no Google Ads","Frase / exata","https://bewild.com.br/portfolio/al-brooklin-90"
"al-brooklin-90","reforma de apartamento em Jardim das Acácias","Sugestão editorial; validar no Google Ads","Frase / exata","https://bewild.com.br/portfolio/al-brooklin-90"
"jp-modo-pompeia","Modo Pompéia","Sugestão editorial; validar no Google Ads","Frase / exata","https://bewild.com.br/portfolio/jp-modo-pompeia"
"jp-modo-pompeia","estúdio na Pompéia","Sugestão editorial; validar no Google Ads","Frase / exata","https://bewild.com.br/portfolio/jp-modo-pompeia"
"jp-modo-pompeia","marcenaria amadeirada","Sugestão editorial; validar no Google Ads","Frase / exata","https://bewild.com.br/portfolio/jp-modo-pompeia"
"jp-modo-pompeia","cozinha linear","Sugestão editorial; validar no Google Ads","Frase / exata","https://bewild.com.br/portfolio/jp-modo-pompeia"
"jp-modo-pompeia","cabideiro aberto","Sugestão editorial; validar no Google Ads","Frase / exata","https://bewild.com.br/portfolio/jp-modo-pompeia"
"jp-modo-pompeia","bancada de refeições e trabalho","Sugestão editorial; validar no Google Ads","Frase / exata","https://bewild.com.br/portfolio/jp-modo-pompeia"
"jp-modo-pompeia","parede verde","Sugestão editorial; validar no Google Ads","Frase / exata","https://bewild.com.br/portfolio/jp-modo-pompeia"
"jp-modo-pompeia","reforma de studio para Airbnb","Sugestão editorial; validar no Google Ads","Frase / exata","https://bewild.com.br/portfolio/jp-modo-pompeia"
"jp-modo-pompeia","reforma de apartamento para locação por temporada","Sugestão editorial; validar no Google Ads","Frase / exata","https://bewild.com.br/portfolio/jp-modo-pompeia"
"jp-modo-pompeia","reforma turnkey de studio","Sugestão editorial; validar no Google Ads","Frase / exata","https://bewild.com.br/portfolio/jp-modo-pompeia"
"jp-modo-pompeia","reforma de apartamento em Pompéia","Sugestão editorial; validar no Google Ads","Frase / exata","https://bewild.com.br/portfolio/jp-modo-pompeia"
"lc-galleria-sp","Galleria SP","Sugestão editorial; validar no Google Ads","Frase / exata","https://bewild.com.br/portfolio/lc-galleria-sp"
"lc-galleria-sp","interiores na República","Sugestão editorial; validar no Google Ads","Frase / exata","https://bewild.com.br/portfolio/lc-galleria-sp"
"lc-galleria-sp","marcenaria amadeirada","Sugestão editorial; validar no Google Ads","Frase / exata","https://bewild.com.br/portfolio/lc-galleria-sp"
"lc-galleria-sp","cozinha linear","Sugestão editorial; validar no Google Ads","Frase / exata","https://bewild.com.br/portfolio/lc-galleria-sp"
"lc-galleria-sp","bancada para dois","Sugestão editorial; validar no Google Ads","Frase / exata","https://bewild.com.br/portfolio/lc-galleria-sp"
"lc-galleria-sp","integração de usos","Sugestão editorial; validar no Google Ads","Frase / exata","https://bewild.com.br/portfolio/lc-galleria-sp"
"lc-galleria-sp","visualização 3D","Sugestão editorial; validar no Google Ads","Frase / exata","https://bewild.com.br/portfolio/lc-galleria-sp"
"lc-galleria-sp","reforma de studio para Airbnb","Sugestão editorial; validar no Google Ads","Frase / exata","https://bewild.com.br/portfolio/lc-galleria-sp"
"lc-galleria-sp","reforma de apartamento para locação por temporada","Sugestão editorial; validar no Google Ads","Frase / exata","https://bewild.com.br/portfolio/lc-galleria-sp"
"lc-galleria-sp","reforma turnkey de studio","Sugestão editorial; validar no Google Ads","Frase / exata","https://bewild.com.br/portfolio/lc-galleria-sp"
"lc-galleria-sp","reforma de apartamento em República","Sugestão editorial; validar no Google Ads","Frase / exata","https://bewild.com.br/portfolio/lc-galleria-sp"
"rf-nex-one-estacao-perdizes","NEX ONE Estação Perdizes","Sugestão editorial; validar no Google Ads","Frase / exata","https://bewild.com.br/portfolio/rf-nex-one-estacao-perdizes"
"rf-nex-one-estacao-perdizes","interiores em Perdizes","Sugestão editorial; validar no Google Ads","Frase / exata","https://bewild.com.br/portfolio/rf-nex-one-estacao-perdizes"
"rf-nex-one-estacao-perdizes","cozinha linear","Sugestão editorial; validar no Google Ads","Frase / exata","https://bewild.com.br/portfolio/rf-nex-one-estacao-perdizes"
"rf-nex-one-estacao-perdizes","marcenaria clara","Sugestão editorial; validar no Google Ads","Frase / exata","https://bewild.com.br/portfolio/rf-nex-one-estacao-perdizes"
"rf-nex-one-estacao-perdizes","bancada de trabalho","Sugestão editorial; validar no Google Ads","Frase / exata","https://bewild.com.br/portfolio/rf-nex-one-estacao-perdizes"
"rf-nex-one-estacao-perdizes","mesa redonda preta","Sugestão editorial; validar no Google Ads","Frase / exata","https://bewild.com.br/portfolio/rf-nex-one-estacao-perdizes"
"rf-nex-one-estacao-perdizes","tons neutros","Sugestão editorial; validar no Google Ads","Frase / exata","https://bewild.com.br/portfolio/rf-nex-one-estacao-perdizes"
"rf-nex-one-estacao-perdizes","visualizações 3D","Sugestão editorial; validar no Google Ads","Frase / exata","https://bewild.com.br/portfolio/rf-nex-one-estacao-perdizes"
"rf-nex-one-estacao-perdizes","reforma de apartamento em Perdizes","Sugestão editorial; validar no Google Ads","Frase / exata","https://bewild.com.br/portfolio/rf-nex-one-estacao-perdizes"
"af-think-home-alameda-barros","Think Home Alameda Barros","Sugestão editorial; validar no Google Ads","Frase / exata","https://bewild.com.br/portfolio/af-think-home-alameda-barros"
"af-think-home-alameda-barros","Santa Cecília","Sugestão editorial; validar no Google Ads","Frase / exata","https://bewild.com.br/portfolio/af-think-home-alameda-barros"
"af-think-home-alameda-barros","projeto de estúdio","Sugestão editorial; validar no Google Ads","Frase / exata","https://bewild.com.br/portfolio/af-think-home-alameda-barros"
"af-think-home-alameda-barros","cozinha linear","Sugestão editorial; validar no Google Ads","Frase / exata","https://bewild.com.br/portfolio/af-think-home-alameda-barros"
"af-think-home-alameda-barros","marcenaria clara","Sugestão editorial; validar no Google Ads","Frase / exata","https://bewild.com.br/portfolio/af-think-home-alameda-barros"
"af-think-home-alameda-barros","bancada de refeições e trabalho","Sugestão editorial; validar no Google Ads","Frase / exata","https://bewild.com.br/portfolio/af-think-home-alameda-barros"
"af-think-home-alameda-barros","cabeceira amadeirada","Sugestão editorial; validar no Google Ads","Frase / exata","https://bewild.com.br/portfolio/af-think-home-alameda-barros"
"af-think-home-alameda-barros","reforma de studio para Airbnb","Sugestão editorial; validar no Google Ads","Frase / exata","https://bewild.com.br/portfolio/af-think-home-alameda-barros"
"af-think-home-alameda-barros","reforma de apartamento para locação por temporada","Sugestão editorial; validar no Google Ads","Frase / exata","https://bewild.com.br/portfolio/af-think-home-alameda-barros"
"af-think-home-alameda-barros","reforma turnkey de studio","Sugestão editorial; validar no Google Ads","Frase / exata","https://bewild.com.br/portfolio/af-think-home-alameda-barros"
"af-think-home-alameda-barros","reforma de apartamento em Santa Cecília","Sugestão editorial; validar no Google Ads","Frase / exata","https://bewild.com.br/portfolio/af-think-home-alameda-barros"
"lb-galeria-sp","Galeria SP","Sugestão editorial; validar no Google Ads","Frase / exata","https://bewild.com.br/portfolio/lb-galeria-sp"
"lb-galeria-sp","Vila Buarque","Sugestão editorial; validar no Google Ads","Frase / exata","https://bewild.com.br/portfolio/lb-galeria-sp"
"lb-galeria-sp","projeto de interiores","Sugestão editorial; validar no Google Ads","Frase / exata","https://bewild.com.br/portfolio/lb-galeria-sp"
"lb-galeria-sp","verde e terracota","Sugestão editorial; validar no Google Ads","Frase / exata","https://bewild.com.br/portfolio/lb-galeria-sp"
"lb-galeria-sp","cabeceira amadeirada","Sugestão editorial; validar no Google Ads","Frase / exata","https://bewild.com.br/portfolio/lb-galeria-sp"
"lb-galeria-sp","bancada sob a janela","Sugestão editorial; validar no Google Ads","Frase / exata","https://bewild.com.br/portfolio/lb-galeria-sp"
"lb-galeria-sp","banheiro bicolor","Sugestão editorial; validar no Google Ads","Frase / exata","https://bewild.com.br/portfolio/lb-galeria-sp"
"lb-galeria-sp","reforma de apartamento em Vila Buarque","Sugestão editorial; validar no Google Ads","Frase / exata","https://bewild.com.br/portfolio/lb-galeria-sp"
"vc-brooklin-noventa","Brooklin Noventa","Sugestão editorial; validar no Google Ads","Frase / exata","https://bewild.com.br/portfolio/vc-brooklin-noventa"
"vc-brooklin-noventa","estúdio no Brooklin","Sugestão editorial; validar no Google Ads","Frase / exata","https://bewild.com.br/portfolio/vc-brooklin-noventa"
"vc-brooklin-noventa","cozinha compacta","Sugestão editorial; validar no Google Ads","Frase / exata","https://bewild.com.br/portfolio/vc-brooklin-noventa"
"vc-brooklin-noventa","marcenaria escura","Sugestão editorial; validar no Google Ads","Frase / exata","https://bewild.com.br/portfolio/vc-brooklin-noventa"
"vc-brooklin-noventa","guarda-roupa amadeirado","Sugestão editorial; validar no Google Ads","Frase / exata","https://bewild.com.br/portfolio/vc-brooklin-noventa"
"vc-brooklin-noventa","assento modular","Sugestão editorial; validar no Google Ads","Frase / exata","https://bewild.com.br/portfolio/vc-brooklin-noventa"
"vc-brooklin-noventa","bancada para refeições e trabalho","Sugestão editorial; validar no Google Ads","Frase / exata","https://bewild.com.br/portfolio/vc-brooklin-noventa"
"vc-brooklin-noventa","reforma de studio para Airbnb","Sugestão editorial; validar no Google Ads","Frase / exata","https://bewild.com.br/portfolio/vc-brooklin-noventa"
"vc-brooklin-noventa","reforma de apartamento para locação por temporada","Sugestão editorial; validar no Google Ads","Frase / exata","https://bewild.com.br/portfolio/vc-brooklin-noventa"
"vc-brooklin-noventa","reforma turnkey de studio","Sugestão editorial; validar no Google Ads","Frase / exata","https://bewild.com.br/portfolio/vc-brooklin-noventa"
"vc-brooklin-noventa","reforma de apartamento em Brooklin","Sugestão editorial; validar no Google Ads","Frase / exata","https://bewild.com.br/portfolio/vc-brooklin-noventa"
"pr-composite-moema","Composite Moema","Sugestão editorial; validar no Google Ads","Frase / exata","https://bewild.com.br/portfolio/pr-composite-moema"
"pr-composite-moema","interiores em Moema","Sugestão editorial; validar no Google Ads","Frase / exata","https://bewild.com.br/portfolio/pr-composite-moema"
"pr-composite-moema","cozinha e estar integrados","Sugestão editorial; validar no Google Ads","Frase / exata","https://bewild.com.br/portfolio/pr-composite-moema"
"pr-composite-moema","sofá verde","Sugestão editorial; validar no Google Ads","Frase / exata","https://bewild.com.br/portfolio/pr-composite-moema"
"pr-composite-moema","mesa redonda com banco","Sugestão editorial; validar no Google Ads","Frase / exata","https://bewild.com.br/portfolio/pr-composite-moema"
"pr-composite-moema","cadeiras pied-de-poule","Sugestão editorial; validar no Google Ads","Frase / exata","https://bewild.com.br/portfolio/pr-composite-moema"
"pr-composite-moema","marcenaria amadeirada","Sugestão editorial; validar no Google Ads","Frase / exata","https://bewild.com.br/portfolio/pr-composite-moema"
"pr-composite-moema","reforma completa de apartamento para morar","Sugestão editorial; validar no Google Ads","Frase / exata","https://bewild.com.br/portfolio/pr-composite-moema"
"pr-composite-moema","arquitetura de interiores para apartamento compacto","Sugestão editorial; validar no Google Ads","Frase / exata","https://bewild.com.br/portfolio/pr-composite-moema"
"pr-composite-moema","reforma turnkey residencial","Sugestão editorial; validar no Google Ads","Frase / exata","https://bewild.com.br/portfolio/pr-composite-moema"
"pr-composite-moema","reforma de apartamento em Moema","Sugestão editorial; validar no Google Ads","Frase / exata","https://bewild.com.br/portfolio/pr-composite-moema"
"cp-metrocasa-republica","Metrocasa República","Sugestão editorial; validar no Google Ads","Frase / exata","https://bewild.com.br/portfolio/cp-metrocasa-republica"
"cp-metrocasa-republica","projeto de interiores na República","Sugestão editorial; validar no Google Ads","Frase / exata","https://bewild.com.br/portfolio/cp-metrocasa-republica"
"cp-metrocasa-republica","cozinha linear","Sugestão editorial; validar no Google Ads","Frase / exata","https://bewild.com.br/portfolio/cp-metrocasa-republica"
"cp-metrocasa-republica","bancada de trabalho","Sugestão editorial; validar no Google Ads","Frase / exata","https://bewild.com.br/portfolio/cp-metrocasa-republica"
"cp-metrocasa-republica","marcenaria amadeirada","Sugestão editorial; validar no Google Ads","Frase / exata","https://bewild.com.br/portfolio/cp-metrocasa-republica"
"cp-metrocasa-republica","separação parcial de ambientes","Sugestão editorial; validar no Google Ads","Frase / exata","https://bewild.com.br/portfolio/cp-metrocasa-republica"
"cp-metrocasa-republica","planta 3D","Sugestão editorial; validar no Google Ads","Frase / exata","https://bewild.com.br/portfolio/cp-metrocasa-republica"
"cp-metrocasa-republica","reforma de studio para Airbnb","Sugestão editorial; validar no Google Ads","Frase / exata","https://bewild.com.br/portfolio/cp-metrocasa-republica"
"cp-metrocasa-republica","reforma de apartamento para locação por temporada","Sugestão editorial; validar no Google Ads","Frase / exata","https://bewild.com.br/portfolio/cp-metrocasa-republica"
"cp-metrocasa-republica","reforma turnkey de studio","Sugestão editorial; validar no Google Ads","Frase / exata","https://bewild.com.br/portfolio/cp-metrocasa-republica"
"cp-metrocasa-republica","reforma de apartamento em República","Sugestão editorial; validar no Google Ads","Frase / exata","https://bewild.com.br/portfolio/cp-metrocasa-republica"
"rt-elements-higienopolis","Elements Higienópolis","Sugestão editorial; validar no Google Ads","Frase / exata","https://bewild.com.br/portfolio/rt-elements-higienopolis"
"rt-elements-higienopolis","interiores compactos","Sugestão editorial; validar no Google Ads","Frase / exata","https://bewild.com.br/portfolio/rt-elements-higienopolis"
"rt-elements-higienopolis","cozinha compacta","Sugestão editorial; validar no Google Ads","Frase / exata","https://bewild.com.br/portfolio/rt-elements-higienopolis"
"rt-elements-higienopolis","bancada para refeições e trabalho","Sugestão editorial; validar no Google Ads","Frase / exata","https://bewild.com.br/portfolio/rt-elements-higienopolis"
"rt-elements-higienopolis","marcenaria amadeirada","Sugestão editorial; validar no Google Ads","Frase / exata","https://bewild.com.br/portfolio/rt-elements-higienopolis"
"rt-elements-higienopolis","quarto separado","Sugestão editorial; validar no Google Ads","Frase / exata","https://bewild.com.br/portfolio/rt-elements-higienopolis"
"rt-elements-higienopolis","projeto de interiores","Sugestão editorial; validar no Google Ads","Frase / exata","https://bewild.com.br/portfolio/rt-elements-higienopolis"
"rt-elements-higienopolis","reforma de studio para Airbnb","Sugestão editorial; validar no Google Ads","Frase / exata","https://bewild.com.br/portfolio/rt-elements-higienopolis"
"rt-elements-higienopolis","reforma de apartamento para locação por temporada","Sugestão editorial; validar no Google Ads","Frase / exata","https://bewild.com.br/portfolio/rt-elements-higienopolis"
"rt-elements-higienopolis","reforma turnkey de studio","Sugestão editorial; validar no Google Ads","Frase / exata","https://bewild.com.br/portfolio/rt-elements-higienopolis"
"rt","Elements Higienópolis","Sugestão editorial; validar no Google Ads","Frase / exata","https://bewild.com.br/portfolio/rt"
"rt","projeto de interiores em Higienópolis","Sugestão editorial; validar no Google Ads","Frase / exata","https://bewild.com.br/portfolio/rt"
"rt","cozinha linear","Sugestão editorial; validar no Google Ads","Frase / exata","https://bewild.com.br/portfolio/rt"
"rt","marcenaria amadeirada","Sugestão editorial; validar no Google Ads","Frase / exata","https://bewild.com.br/portfolio/rt"
"rt","bancada para refeições e trabalho","Sugestão editorial; validar no Google Ads","Frase / exata","https://bewild.com.br/portfolio/rt"
"rt","quarto em tons neutros","Sugestão editorial; validar no Google Ads","Frase / exata","https://bewild.com.br/portfolio/rt"
"rt","interiores compactos","Sugestão editorial; validar no Google Ads","Frase / exata","https://bewild.com.br/portfolio/rt"
"rt","reforma de studio para Airbnb","Sugestão editorial; validar no Google Ads","Frase / exata","https://bewild.com.br/portfolio/rt"
"rt","reforma de apartamento para locação por temporada","Sugestão editorial; validar no Google Ads","Frase / exata","https://bewild.com.br/portfolio/rt"
"rt","reforma turnkey de studio","Sugestão editorial; validar no Google Ads","Frase / exata","https://bewild.com.br/portfolio/rt"
"rt","reforma de apartamento em Higienópolis","Sugestão editorial; validar no Google Ads","Frase / exata","https://bewild.com.br/portfolio/rt"
"la-citzy-paulista","CITZY Paulista","Sugestão editorial; validar no Google Ads","Frase / exata","https://bewild.com.br/portfolio/la-citzy-paulista"
"la-citzy-paulista","projeto de interiores na Paulista","Sugestão editorial; validar no Google Ads","Frase / exata","https://bewild.com.br/portfolio/la-citzy-paulista"
"la-citzy-paulista","cozinha linear","Sugestão editorial; validar no Google Ads","Frase / exata","https://bewild.com.br/portfolio/la-citzy-paulista"
"la-citzy-paulista","marcenaria amadeirada e cinza","Sugestão editorial; validar no Google Ads","Frase / exata","https://bewild.com.br/portfolio/la-citzy-paulista"
"la-citzy-paulista","painel para TV","Sugestão editorial; validar no Google Ads","Frase / exata","https://bewild.com.br/portfolio/la-citzy-paulista"
"la-citzy-paulista","integração entre cozinha e descanso","Sugestão editorial; validar no Google Ads","Frase / exata","https://bewild.com.br/portfolio/la-citzy-paulista"
"la-citzy-paulista","banheiro com armário espelhado","Sugestão editorial; validar no Google Ads","Frase / exata","https://bewild.com.br/portfolio/la-citzy-paulista"
"la-citzy-paulista","reforma de studio para Airbnb","Sugestão editorial; validar no Google Ads","Frase / exata","https://bewild.com.br/portfolio/la-citzy-paulista"
"la-citzy-paulista","reforma de apartamento para locação por temporada","Sugestão editorial; validar no Google Ads","Frase / exata","https://bewild.com.br/portfolio/la-citzy-paulista"
"la-citzy-paulista","reforma turnkey de studio","Sugestão editorial; validar no Google Ads","Frase / exata","https://bewild.com.br/portfolio/la-citzy-paulista"
"la-citzy-paulista","reforma de apartamento em Paulista","Sugestão editorial; validar no Google Ads","Frase / exata","https://bewild.com.br/portfolio/la-citzy-paulista"
"df-zip-brooklin","ZIP Brooklin","Sugestão editorial; validar no Google Ads","Frase / exata","https://bewild.com.br/portfolio/df-zip-brooklin"
"df-zip-brooklin","arquitetura de interiores","Sugestão editorial; validar no Google Ads","Frase / exata","https://bewild.com.br/portfolio/df-zip-brooklin"
"df-zip-brooklin","marcenaria amadeirada","Sugestão editorial; validar no Google Ads","Frase / exata","https://bewild.com.br/portfolio/df-zip-brooklin"
"df-zip-brooklin","cozinha linear","Sugestão editorial; validar no Google Ads","Frase / exata","https://bewild.com.br/portfolio/df-zip-brooklin"
"df-zip-brooklin","bancada com dois assentos","Sugestão editorial; validar no Google Ads","Frase / exata","https://bewild.com.br/portfolio/df-zip-brooklin"
"df-zip-brooklin","cabeceira amadeirada","Sugestão editorial; validar no Google Ads","Frase / exata","https://bewild.com.br/portfolio/df-zip-brooklin"
"df-zip-brooklin","visualização 3D","Sugestão editorial; validar no Google Ads","Frase / exata","https://bewild.com.br/portfolio/df-zip-brooklin"
"df-zip-brooklin","reforma de studio para Airbnb","Sugestão editorial; validar no Google Ads","Frase / exata","https://bewild.com.br/portfolio/df-zip-brooklin"
"df-zip-brooklin","reforma de apartamento para locação por temporada","Sugestão editorial; validar no Google Ads","Frase / exata","https://bewild.com.br/portfolio/df-zip-brooklin"
"df-zip-brooklin","reforma turnkey de studio","Sugestão editorial; validar no Google Ads","Frase / exata","https://bewild.com.br/portfolio/df-zip-brooklin"
"gf-pjm-single-living","Single Living","Sugestão editorial; validar no Google Ads","Frase / exata","https://bewild.com.br/portfolio/gf-pjm-single-living"
"gf-pjm-single-living","proposta de interiores","Sugestão editorial; validar no Google Ads","Frase / exata","https://bewild.com.br/portfolio/gf-pjm-single-living"
"gf-pjm-single-living","cozinha linear","Sugestão editorial; validar no Google Ads","Frase / exata","https://bewild.com.br/portfolio/gf-pjm-single-living"
"gf-pjm-single-living","marcenaria amadeirada","Sugestão editorial; validar no Google Ads","Frase / exata","https://bewild.com.br/portfolio/gf-pjm-single-living"
"gf-pjm-single-living","mesa para refeições e trabalho","Sugestão editorial; validar no Google Ads","Frase / exata","https://bewild.com.br/portfolio/gf-pjm-single-living"
"gf-pjm-single-living","armários com cabideiro","Sugestão editorial; validar no Google Ads","Frase / exata","https://bewild.com.br/portfolio/gf-pjm-single-living"
"gf-pjm-single-living","integração de ambientes","Sugestão editorial; validar no Google Ads","Frase / exata","https://bewild.com.br/portfolio/gf-pjm-single-living"
"gf-pjm-single-living","reforma de studio para Airbnb","Sugestão editorial; validar no Google Ads","Frase / exata","https://bewild.com.br/portfolio/gf-pjm-single-living"
"gf-pjm-single-living","reforma de apartamento para locação por temporada","Sugestão editorial; validar no Google Ads","Frase / exata","https://bewild.com.br/portfolio/gf-pjm-single-living"
"gf-pjm-single-living","reforma turnkey de studio","Sugestão editorial; validar no Google Ads","Frase / exata","https://bewild.com.br/portfolio/gf-pjm-single-living"
"cg-exalt-ibirapuera","Exalt Ibirapuera","Sugestão editorial; validar no Google Ads","Frase / exata","https://bewild.com.br/portfolio/cg-exalt-ibirapuera"
"cg-exalt-ibirapuera","Vila Clementino","Sugestão editorial; validar no Google Ads","Frase / exata","https://bewild.com.br/portfolio/cg-exalt-ibirapuera"
"cg-exalt-ibirapuera","projeto de estúdio","Sugestão editorial; validar no Google Ads","Frase / exata","https://bewild.com.br/portfolio/cg-exalt-ibirapuera"
"cg-exalt-ibirapuera","cozinha preta e branca","Sugestão editorial; validar no Google Ads","Frase / exata","https://bewild.com.br/portfolio/cg-exalt-ibirapuera"
"cg-exalt-ibirapuera","marcenaria com cabideiros","Sugestão editorial; validar no Google Ads","Frase / exata","https://bewild.com.br/portfolio/cg-exalt-ibirapuera"
"cg-exalt-ibirapuera","banco em L","Sugestão editorial; validar no Google Ads","Frase / exata","https://bewild.com.br/portfolio/cg-exalt-ibirapuera"
"cg-exalt-ibirapuera","TV suspensa","Sugestão editorial; validar no Google Ads","Frase / exata","https://bewild.com.br/portfolio/cg-exalt-ibirapuera"
"cg-exalt-ibirapuera","bancada de trabalho","Sugestão editorial; validar no Google Ads","Frase / exata","https://bewild.com.br/portfolio/cg-exalt-ibirapuera"
"cg-exalt-ibirapuera","reforma de studio para Airbnb","Sugestão editorial; validar no Google Ads","Frase / exata","https://bewild.com.br/portfolio/cg-exalt-ibirapuera"
"cg-exalt-ibirapuera","reforma de apartamento para locação por temporada","Sugestão editorial; validar no Google Ads","Frase / exata","https://bewild.com.br/portfolio/cg-exalt-ibirapuera"
"cg-exalt-ibirapuera","reforma turnkey de studio","Sugestão editorial; validar no Google Ads","Frase / exata","https://bewild.com.br/portfolio/cg-exalt-ibirapuera"
"cg-exalt-ibirapuera","reforma de apartamento em Vila Clementino","Sugestão editorial; validar no Google Ads","Frase / exata","https://bewild.com.br/portfolio/cg-exalt-ibirapuera"
"al-valen-capote-valente","Valen Capote Valente","Sugestão editorial; validar no Google Ads","Frase / exata","https://bewild.com.br/portfolio/al-valen-capote-valente"
"al-valen-capote-valente","estúdio em Pinheiros","Sugestão editorial; validar no Google Ads","Frase / exata","https://bewild.com.br/portfolio/al-valen-capote-valente"
"al-valen-capote-valente","cozinha linear","Sugestão editorial; validar no Google Ads","Frase / exata","https://bewild.com.br/portfolio/al-valen-capote-valente"
"al-valen-capote-valente","marcenaria amadeirada","Sugestão editorial; validar no Google Ads","Frase / exata","https://bewild.com.br/portfolio/al-valen-capote-valente"
"al-valen-capote-valente","bancada de trabalho","Sugestão editorial; validar no Google Ads","Frase / exata","https://bewild.com.br/portfolio/al-valen-capote-valente"
"al-valen-capote-valente","banco com gavetas","Sugestão editorial; validar no Google Ads","Frase / exata","https://bewild.com.br/portfolio/al-valen-capote-valente"
"al-valen-capote-valente","interiores de estúdio","Sugestão editorial; validar no Google Ads","Frase / exata","https://bewild.com.br/portfolio/al-valen-capote-valente"
"al-valen-capote-valente","reforma de studio para Airbnb","Sugestão editorial; validar no Google Ads","Frase / exata","https://bewild.com.br/portfolio/al-valen-capote-valente"
"al-valen-capote-valente","reforma de apartamento para locação por temporada","Sugestão editorial; validar no Google Ads","Frase / exata","https://bewild.com.br/portfolio/al-valen-capote-valente"
"al-valen-capote-valente","reforma turnkey de studio","Sugestão editorial; validar no Google Ads","Frase / exata","https://bewild.com.br/portfolio/al-valen-capote-valente"
"al-valen-capote-valente","reforma de apartamento em Pinheiros","Sugestão editorial; validar no Google Ads","Frase / exata","https://bewild.com.br/portfolio/al-valen-capote-valente"
"bm-urban-flex","Urban Flex","Sugestão editorial; validar no Google Ads","Frase / exata","https://bewild.com.br/portfolio/bm-urban-flex"
"bm-urban-flex","Consolação","Sugestão editorial; validar no Google Ads","Frase / exata","https://bewild.com.br/portfolio/bm-urban-flex"
"bm-urban-flex","projeto de interiores","Sugestão editorial; validar no Google Ads","Frase / exata","https://bewild.com.br/portfolio/bm-urban-flex"
"bm-urban-flex","marcenaria amadeirada","Sugestão editorial; validar no Google Ads","Frase / exata","https://bewild.com.br/portfolio/bm-urban-flex"
"bm-urban-flex","cozinha linear","Sugestão editorial; validar no Google Ads","Frase / exata","https://bewild.com.br/portfolio/bm-urban-flex"
"bm-urban-flex","bancada de trabalho","Sugestão editorial; validar no Google Ads","Frase / exata","https://bewild.com.br/portfolio/bm-urban-flex"
"bm-urban-flex","cabeceira iluminada","Sugestão editorial; validar no Google Ads","Frase / exata","https://bewild.com.br/portfolio/bm-urban-flex"
"bm-urban-flex","tons terrosos","Sugestão editorial; validar no Google Ads","Frase / exata","https://bewild.com.br/portfolio/bm-urban-flex"
"bm-urban-flex","reforma de studio para Airbnb","Sugestão editorial; validar no Google Ads","Frase / exata","https://bewild.com.br/portfolio/bm-urban-flex"
"bm-urban-flex","reforma de apartamento para locação por temporada","Sugestão editorial; validar no Google Ads","Frase / exata","https://bewild.com.br/portfolio/bm-urban-flex"
"bm-urban-flex","reforma turnkey de studio","Sugestão editorial; validar no Google Ads","Frase / exata","https://bewild.com.br/portfolio/bm-urban-flex"
"bm-urban-flex","reforma de apartamento em Consolação","Sugestão editorial; validar no Google Ads","Frase / exata","https://bewild.com.br/portfolio/bm-urban-flex"
"ne-urban-flex","Urban Flex","Sugestão editorial; validar no Google Ads","Frase / exata","https://bewild.com.br/portfolio/ne-urban-flex"
"ne-urban-flex","Consolação","Sugestão editorial; validar no Google Ads","Frase / exata","https://bewild.com.br/portfolio/ne-urban-flex"
"ne-urban-flex","proposta de interiores","Sugestão editorial; validar no Google Ads","Frase / exata","https://bewild.com.br/portfolio/ne-urban-flex"
"ne-urban-flex","marcenaria cinza","Sugestão editorial; validar no Google Ads","Frase / exata","https://bewild.com.br/portfolio/ne-urban-flex"
"ne-urban-flex","superfícies amadeiradas","Sugestão editorial; validar no Google Ads","Frase / exata","https://bewild.com.br/portfolio/ne-urban-flex"
"ne-urban-flex","cozinha e estar","Sugestão editorial; validar no Google Ads","Frase / exata","https://bewild.com.br/portfolio/ne-urban-flex"
"ne-urban-flex","bancada de trabalho no quarto","Sugestão editorial; validar no Google Ads","Frase / exata","https://bewild.com.br/portfolio/ne-urban-flex"
"ne-urban-flex","banheiro com nichos","Sugestão editorial; validar no Google Ads","Frase / exata","https://bewild.com.br/portfolio/ne-urban-flex"
"ne-urban-flex","reforma de apartamento em Consolação","Sugestão editorial; validar no Google Ads","Frase / exata","https://bewild.com.br/portfolio/ne-urban-flex"
"cm-urban-flex","Urban Flex","Sugestão editorial; validar no Google Ads","Frase / exata","https://bewild.com.br/portfolio/cm-urban-flex"
"cm-urban-flex","interiores na Consolação","Sugestão editorial; validar no Google Ads","Frase / exata","https://bewild.com.br/portfolio/cm-urban-flex"
"cm-urban-flex","cozinha linear","Sugestão editorial; validar no Google Ads","Frase / exata","https://bewild.com.br/portfolio/cm-urban-flex"
"cm-urban-flex","marcenaria amadeirada","Sugestão editorial; validar no Google Ads","Frase / exata","https://bewild.com.br/portfolio/cm-urban-flex"
"cm-urban-flex","bancada de trabalho","Sugestão editorial; validar no Google Ads","Frase / exata","https://bewild.com.br/portfolio/cm-urban-flex"
"cm-urban-flex","arara aberta","Sugestão editorial; validar no Google Ads","Frase / exata","https://bewild.com.br/portfolio/cm-urban-flex"
"cm-urban-flex","cabeceira iluminada","Sugestão editorial; validar no Google Ads","Frase / exata","https://bewild.com.br/portfolio/cm-urban-flex"
"cm-urban-flex","reforma de studio para Airbnb","Sugestão editorial; validar no Google Ads","Frase / exata","https://bewild.com.br/portfolio/cm-urban-flex"
"cm-urban-flex","reforma de apartamento para locação por temporada","Sugestão editorial; validar no Google Ads","Frase / exata","https://bewild.com.br/portfolio/cm-urban-flex"
"cm-urban-flex","reforma turnkey de studio","Sugestão editorial; validar no Google Ads","Frase / exata","https://bewild.com.br/portfolio/cm-urban-flex"
"cm-urban-flex","reforma de apartamento em Consolação","Sugestão editorial; validar no Google Ads","Frase / exata","https://bewild.com.br/portfolio/cm-urban-flex"
"apsa-urban-flex","Urban Flex","Sugestão editorial; validar no Google Ads","Frase / exata","https://bewild.com.br/portfolio/apsa-urban-flex"
"apsa-urban-flex","Consolação","Sugestão editorial; validar no Google Ads","Frase / exata","https://bewild.com.br/portfolio/apsa-urban-flex"
"apsa-urban-flex","arquitetura de interiores","Sugestão editorial; validar no Google Ads","Frase / exata","https://bewild.com.br/portfolio/apsa-urban-flex"
"apsa-urban-flex","marcenaria verde acinzentada","Sugestão editorial; validar no Google Ads","Frase / exata","https://bewild.com.br/portfolio/apsa-urban-flex"
"apsa-urban-flex","cozinha linear","Sugestão editorial; validar no Google Ads","Frase / exata","https://bewild.com.br/portfolio/apsa-urban-flex"
"apsa-urban-flex","bancada para refeições e trabalho","Sugestão editorial; validar no Google Ads","Frase / exata","https://bewild.com.br/portfolio/apsa-urban-flex"
"apsa-urban-flex","cabeceira amadeirada","Sugestão editorial; validar no Google Ads","Frase / exata","https://bewild.com.br/portfolio/apsa-urban-flex"
"apsa-urban-flex","iluminação indireta","Sugestão editorial; validar no Google Ads","Frase / exata","https://bewild.com.br/portfolio/apsa-urban-flex"
"apsa-urban-flex","reforma de apartamento em Consolação","Sugestão editorial; validar no Google Ads","Frase / exata","https://bewild.com.br/portfolio/apsa-urban-flex"
"apsa2-urban-flex","projeto studio consolacao","Sugestão editorial; validar no Google Ads","Frase / exata","https://bewild.com.br/portfolio/apsa2-urban-flex"
"apsa2-urban-flex","urban flex projeto studio","Sugestão editorial; validar no Google Ads","Frase / exata","https://bewild.com.br/portfolio/apsa2-urban-flex"
"apsa2-urban-flex","projeto de studio em 3d","Sugestão editorial; validar no Google Ads","Frase / exata","https://bewild.com.br/portfolio/apsa2-urban-flex"
"apsa2-urban-flex","studio com armário planejado","Sugestão editorial; validar no Google Ads","Frase / exata","https://bewild.com.br/portfolio/apsa2-urban-flex"
"apsa2-urban-flex","arquitetura studio compacto","Sugestão editorial; validar no Google Ads","Frase / exata","https://bewild.com.br/portfolio/apsa2-urban-flex"
"apsa2-urban-flex","reforma de studio para locação","Sugestão editorial; validar no Google Ads","Frase / exata","https://bewild.com.br/portfolio/apsa2-urban-flex"
"apsa2-urban-flex","reforma apartamento para Airbnb","Sugestão editorial; validar no Google Ads","Frase / exata","https://bewild.com.br/portfolio/apsa2-urban-flex"
"nl-high-line-tatuape","High Line Tatuapé","Sugestão editorial; validar no Google Ads","Frase / exata","https://bewild.com.br/portfolio/nl-high-line-tatuape"
"nl-high-line-tatuape","arquitetura de interiores","Sugestão editorial; validar no Google Ads","Frase / exata","https://bewild.com.br/portfolio/nl-high-line-tatuape"
"nl-high-line-tatuape","estar e jantar","Sugestão editorial; validar no Google Ads","Frase / exata","https://bewild.com.br/portfolio/nl-high-line-tatuape"
"nl-high-line-tatuape","bancada atrás do sofá","Sugestão editorial; validar no Google Ads","Frase / exata","https://bewild.com.br/portfolio/nl-high-line-tatuape"
"nl-high-line-tatuape","marcenaria amadeirada","Sugestão editorial; validar no Google Ads","Frase / exata","https://bewild.com.br/portfolio/nl-high-line-tatuape"
"nl-high-line-tatuape","varanda com mesa","Sugestão editorial; validar no Google Ads","Frase / exata","https://bewild.com.br/portfolio/nl-high-line-tatuape"
"nl-high-line-tatuape","dormitório com guarda-roupa","Sugestão editorial; validar no Google Ads","Frase / exata","https://bewild.com.br/portfolio/nl-high-line-tatuape"
"nl-high-line-tatuape","reforma completa de apartamento para morar","Sugestão editorial; validar no Google Ads","Frase / exata","https://bewild.com.br/portfolio/nl-high-line-tatuape"
"nl-high-line-tatuape","arquitetura de interiores para apartamento compacto","Sugestão editorial; validar no Google Ads","Frase / exata","https://bewild.com.br/portfolio/nl-high-line-tatuape"
"nl-high-line-tatuape","reforma turnkey residencial","Sugestão editorial; validar no Google Ads","Frase / exata","https://bewild.com.br/portfolio/nl-high-line-tatuape"
"rp-b-side-faria-lima","B.Side Faria Lima","Sugestão editorial; validar no Google Ads","Frase / exata","https://bewild.com.br/portfolio/rp-b-side-faria-lima"
"rp-b-side-faria-lima","arquitetura de interiores","Sugestão editorial; validar no Google Ads","Frase / exata","https://bewild.com.br/portfolio/rp-b-side-faria-lima"
"rp-b-side-faria-lima","cozinha integrada","Sugestão editorial; validar no Google Ads","Frase / exata","https://bewild.com.br/portfolio/rp-b-side-faria-lima"
"rp-b-side-faria-lima","marcenaria amadeirada","Sugestão editorial; validar no Google Ads","Frase / exata","https://bewild.com.br/portfolio/rp-b-side-faria-lima"
"rp-b-side-faria-lima","mesa redonda","Sugestão editorial; validar no Google Ads","Frase / exata","https://bewild.com.br/portfolio/rp-b-side-faria-lima"
"rp-b-side-faria-lima","armário com apoio de cabeceira","Sugestão editorial; validar no Google Ads","Frase / exata","https://bewild.com.br/portfolio/rp-b-side-faria-lima"
"rp-b-side-faria-lima","projeto de apartamento compacto","Sugestão editorial; validar no Google Ads","Frase / exata","https://bewild.com.br/portfolio/rp-b-side-faria-lima"
"rp-b-side-faria-lima","reforma de studio para Airbnb","Sugestão editorial; validar no Google Ads","Frase / exata","https://bewild.com.br/portfolio/rp-b-side-faria-lima"
"rp-b-side-faria-lima","reforma de apartamento para locação por temporada","Sugestão editorial; validar no Google Ads","Frase / exata","https://bewild.com.br/portfolio/rp-b-side-faria-lima"
"rp-b-side-faria-lima","reforma turnkey de studio","Sugestão editorial; validar no Google Ads","Frase / exata","https://bewild.com.br/portfolio/rp-b-side-faria-lima"
"rp-b-side-faria-lima","reforma de apartamento em Faria Lima","Sugestão editorial; validar no Google Ads","Frase / exata","https://bewild.com.br/portfolio/rp-b-side-faria-lima"
"fc-living-full-vila-nova-conceicao","Living Full Vila Nova Conceição","Sugestão editorial; validar no Google Ads","Frase / exata","https://bewild.com.br/portfolio/fc-living-full-vila-nova-conceicao"
"fc-living-full-vila-nova-conceicao","estúdio compacto","Sugestão editorial; validar no Google Ads","Frase / exata","https://bewild.com.br/portfolio/fc-living-full-vila-nova-conceicao"
"fc-living-full-vila-nova-conceicao","marcenaria verde","Sugestão editorial; validar no Google Ads","Frase / exata","https://bewild.com.br/portfolio/fc-living-full-vila-nova-conceicao"
"fc-living-full-vila-nova-conceicao","acabamento amadeirado","Sugestão editorial; validar no Google Ads","Frase / exata","https://bewild.com.br/portfolio/fc-living-full-vila-nova-conceicao"
"fc-living-full-vila-nova-conceicao","mesa para refeições e trabalho","Sugestão editorial; validar no Google Ads","Frase / exata","https://bewild.com.br/portfolio/fc-living-full-vila-nova-conceicao"
"fc-living-full-vila-nova-conceicao","cozinha e descanso integrados","Sugestão editorial; validar no Google Ads","Frase / exata","https://bewild.com.br/portfolio/fc-living-full-vila-nova-conceicao"
"fc-living-full-vila-nova-conceicao","projeto de interiores","Sugestão editorial; validar no Google Ads","Frase / exata","https://bewild.com.br/portfolio/fc-living-full-vila-nova-conceicao"
"fc-living-full-vila-nova-conceicao","reforma de studio para Airbnb","Sugestão editorial; validar no Google Ads","Frase / exata","https://bewild.com.br/portfolio/fc-living-full-vila-nova-conceicao"
"fc-living-full-vila-nova-conceicao","reforma de apartamento para locação por temporada","Sugestão editorial; validar no Google Ads","Frase / exata","https://bewild.com.br/portfolio/fc-living-full-vila-nova-conceicao"
"fc-living-full-vila-nova-conceicao","reforma turnkey de studio","Sugestão editorial; validar no Google Ads","Frase / exata","https://bewild.com.br/portfolio/fc-living-full-vila-nova-conceicao"
"fc-living-full-vila-nova-conceicao","reforma de apartamento em Vila Nova Conceição","Sugestão editorial; validar no Google Ads","Frase / exata","https://bewild.com.br/portfolio/fc-living-full-vila-nova-conceicao"
"fd-do-it-faria-lima","DO IT Faria Lima","Sugestão editorial; validar no Google Ads","Frase / exata","https://bewild.com.br/portfolio/fd-do-it-faria-lima"
"fd-do-it-faria-lima","estúdio compacto","Sugestão editorial; validar no Google Ads","Frase / exata","https://bewild.com.br/portfolio/fd-do-it-faria-lima"
"fd-do-it-faria-lima","projeto de interiores","Sugestão editorial; validar no Google Ads","Frase / exata","https://bewild.com.br/portfolio/fd-do-it-faria-lima"
"fd-do-it-faria-lima","cozinha linear","Sugestão editorial; validar no Google Ads","Frase / exata","https://bewild.com.br/portfolio/fd-do-it-faria-lima"
"fd-do-it-faria-lima","marcenaria cinza e amadeirada","Sugestão editorial; validar no Google Ads","Frase / exata","https://bewild.com.br/portfolio/fd-do-it-faria-lima"
"fd-do-it-faria-lima","bancada para refeições e trabalho","Sugestão editorial; validar no Google Ads","Frase / exata","https://bewild.com.br/portfolio/fd-do-it-faria-lima"
"fd-do-it-faria-lima","espelho vertical","Sugestão editorial; validar no Google Ads","Frase / exata","https://bewild.com.br/portfolio/fd-do-it-faria-lima"
"fd-do-it-faria-lima","reforma de studio para Airbnb","Sugestão editorial; validar no Google Ads","Frase / exata","https://bewild.com.br/portfolio/fd-do-it-faria-lima"
"fd-do-it-faria-lima","reforma de apartamento para locação por temporada","Sugestão editorial; validar no Google Ads","Frase / exata","https://bewild.com.br/portfolio/fd-do-it-faria-lima"
"fd-do-it-faria-lima","reforma turnkey de studio","Sugestão editorial; validar no Google Ads","Frase / exata","https://bewild.com.br/portfolio/fd-do-it-faria-lima"
"fd-do-it-faria-lima","reforma de apartamento em Faria Lima","Sugestão editorial; validar no Google Ads","Frase / exata","https://bewild.com.br/portfolio/fd-do-it-faria-lima"
"cc-ar-que","Vila Buarque","Sugestão editorial; validar no Google Ads","Frase / exata","https://bewild.com.br/portfolio/cc-ar-que"
"cc-ar-que","proposta de interiores","Sugestão editorial; validar no Google Ads","Frase / exata","https://bewild.com.br/portfolio/cc-ar-que"
"cc-ar-que","cozinha linear","Sugestão editorial; validar no Google Ads","Frase / exata","https://bewild.com.br/portfolio/cc-ar-que"
"cc-ar-que","parede azul","Sugestão editorial; validar no Google Ads","Frase / exata","https://bewild.com.br/portfolio/cc-ar-que"
"cc-ar-que","marcenaria amadeirada","Sugestão editorial; validar no Google Ads","Frase / exata","https://bewild.com.br/portfolio/cc-ar-que"
"cc-ar-que","armário espelhado","Sugestão editorial; validar no Google Ads","Frase / exata","https://bewild.com.br/portfolio/cc-ar-que"
"cc-ar-que","bancada de trabalho","Sugestão editorial; validar no Google Ads","Frase / exata","https://bewild.com.br/portfolio/cc-ar-que"
"cc-ar-que","visualizações 3D","Sugestão editorial; validar no Google Ads","Frase / exata","https://bewild.com.br/portfolio/cc-ar-que"
"cc-ar-que","reforma de studio para Airbnb","Sugestão editorial; validar no Google Ads","Frase / exata","https://bewild.com.br/portfolio/cc-ar-que"
"cc-ar-que","reforma de apartamento para locação por temporada","Sugestão editorial; validar no Google Ads","Frase / exata","https://bewild.com.br/portfolio/cc-ar-que"
"cc-ar-que","reforma turnkey de studio","Sugestão editorial; validar no Google Ads","Frase / exata","https://bewild.com.br/portfolio/cc-ar-que"
"cc-ar-que","reforma de apartamento em Vila Buarque","Sugestão editorial; validar no Google Ads","Frase / exata","https://bewild.com.br/portfolio/cc-ar-que"
"ef-pinheiros-by-passarelli","Pinheiros by Passarelli","Sugestão editorial; validar no Google Ads","Frase / exata","https://bewild.com.br/portfolio/ef-pinheiros-by-passarelli"
"ef-pinheiros-by-passarelli","Pinheiros","Sugestão editorial; validar no Google Ads","Frase / exata","https://bewild.com.br/portfolio/ef-pinheiros-by-passarelli"
"ef-pinheiros-by-passarelli","apartamento compacto","Sugestão editorial; validar no Google Ads","Frase / exata","https://bewild.com.br/portfolio/ef-pinheiros-by-passarelli"
"ef-pinheiros-by-passarelli","cozinha e estar integrados","Sugestão editorial; validar no Google Ads","Frase / exata","https://bewild.com.br/portfolio/ef-pinheiros-by-passarelli"
"ef-pinheiros-by-passarelli","bancada de trabalho","Sugestão editorial; validar no Google Ads","Frase / exata","https://bewild.com.br/portfolio/ef-pinheiros-by-passarelli"
"ef-pinheiros-by-passarelli","marcenaria amadeirada","Sugestão editorial; validar no Google Ads","Frase / exata","https://bewild.com.br/portfolio/ef-pinheiros-by-passarelli"
"ef-pinheiros-by-passarelli","parede verde suave","Sugestão editorial; validar no Google Ads","Frase / exata","https://bewild.com.br/portfolio/ef-pinheiros-by-passarelli"
"ef-pinheiros-by-passarelli","dormitório separado","Sugestão editorial; validar no Google Ads","Frase / exata","https://bewild.com.br/portfolio/ef-pinheiros-by-passarelli"
"ef-pinheiros-by-passarelli","reforma de studio para Airbnb","Sugestão editorial; validar no Google Ads","Frase / exata","https://bewild.com.br/portfolio/ef-pinheiros-by-passarelli"
"ef-pinheiros-by-passarelli","reforma de apartamento para locação por temporada","Sugestão editorial; validar no Google Ads","Frase / exata","https://bewild.com.br/portfolio/ef-pinheiros-by-passarelli"
"ef-pinheiros-by-passarelli","reforma turnkey de studio","Sugestão editorial; validar no Google Ads","Frase / exata","https://bewild.com.br/portfolio/ef-pinheiros-by-passarelli"
"ef-pinheiros-by-passarelli","reforma de apartamento em Pinheiros","Sugestão editorial; validar no Google Ads","Frase / exata","https://bewild.com.br/portfolio/ef-pinheiros-by-passarelli"
"ps-edificio-fortune-residence","Edifício Fortune Residence","Sugestão editorial; validar no Google Ads","Frase / exata","https://bewild.com.br/portfolio/ps-edificio-fortune-residence"
"ps-edificio-fortune-residence","Cerqueira César","Sugestão editorial; validar no Google Ads","Frase / exata","https://bewild.com.br/portfolio/ps-edificio-fortune-residence"
"ps-edificio-fortune-residence","proposta de interiores","Sugestão editorial; validar no Google Ads","Frase / exata","https://bewild.com.br/portfolio/ps-edificio-fortune-residence"
"ps-edificio-fortune-residence","área social integrada","Sugestão editorial; validar no Google Ads","Frase / exata","https://bewild.com.br/portfolio/ps-edificio-fortune-residence"
"ps-edificio-fortune-residence","parede terracota","Sugestão editorial; validar no Google Ads","Frase / exata","https://bewild.com.br/portfolio/ps-edificio-fortune-residence"
"ps-edificio-fortune-residence","painel amadeirado","Sugestão editorial; validar no Google Ads","Frase / exata","https://bewild.com.br/portfolio/ps-edificio-fortune-residence"
"ps-edificio-fortune-residence","quarto separado","Sugestão editorial; validar no Google Ads","Frase / exata","https://bewild.com.br/portfolio/ps-edificio-fortune-residence"
"ps-edificio-fortune-residence","bancada para refeições","Sugestão editorial; validar no Google Ads","Frase / exata","https://bewild.com.br/portfolio/ps-edificio-fortune-residence"
"ps-edificio-fortune-residence","reforma completa de apartamento para morar","Sugestão editorial; validar no Google Ads","Frase / exata","https://bewild.com.br/portfolio/ps-edificio-fortune-residence"
"ps-edificio-fortune-residence","arquitetura de interiores para apartamento compacto","Sugestão editorial; validar no Google Ads","Frase / exata","https://bewild.com.br/portfolio/ps-edificio-fortune-residence"
"ps-edificio-fortune-residence","reforma turnkey residencial","Sugestão editorial; validar no Google Ads","Frase / exata","https://bewild.com.br/portfolio/ps-edificio-fortune-residence"
"ps-edificio-fortune-residence","reforma de apartamento em Cerqueira César","Sugestão editorial; validar no Google Ads","Frase / exata","https://bewild.com.br/portfolio/ps-edificio-fortune-residence"
"to-think-tanabi-perdizes","Think Tanabi","Sugestão editorial; validar no Google Ads","Frase / exata","https://bewild.com.br/portfolio/to-think-tanabi-perdizes"
"to-think-tanabi-perdizes","Perdizes","Sugestão editorial; validar no Google Ads","Frase / exata","https://bewild.com.br/portfolio/to-think-tanabi-perdizes"
"to-think-tanabi-perdizes","marcenaria amadeirada","Sugestão editorial; validar no Google Ads","Frase / exata","https://bewild.com.br/portfolio/to-think-tanabi-perdizes"
"to-think-tanabi-perdizes","cozinha linear","Sugestão editorial; validar no Google Ads","Frase / exata","https://bewild.com.br/portfolio/to-think-tanabi-perdizes"
"to-think-tanabi-perdizes","bancada para duas pessoas","Sugestão editorial; validar no Google Ads","Frase / exata","https://bewild.com.br/portfolio/to-think-tanabi-perdizes"
"to-think-tanabi-perdizes","integração de usos","Sugestão editorial; validar no Google Ads","Frase / exata","https://bewild.com.br/portfolio/to-think-tanabi-perdizes"
"to-think-tanabi-perdizes","espelho arredondado","Sugestão editorial; validar no Google Ads","Frase / exata","https://bewild.com.br/portfolio/to-think-tanabi-perdizes"
"to-think-tanabi-perdizes","visualizações 3D","Sugestão editorial; validar no Google Ads","Frase / exata","https://bewild.com.br/portfolio/to-think-tanabi-perdizes"
"to-think-tanabi-perdizes","reforma de studio para Airbnb","Sugestão editorial; validar no Google Ads","Frase / exata","https://bewild.com.br/portfolio/to-think-tanabi-perdizes"
"to-think-tanabi-perdizes","reforma de apartamento para locação por temporada","Sugestão editorial; validar no Google Ads","Frase / exata","https://bewild.com.br/portfolio/to-think-tanabi-perdizes"
"to-think-tanabi-perdizes","reforma turnkey de studio","Sugestão editorial; validar no Google Ads","Frase / exata","https://bewild.com.br/portfolio/to-think-tanabi-perdizes"
"to-think-tanabi-perdizes","reforma de apartamento em Perdizes","Sugestão editorial; validar no Google Ads","Frase / exata","https://bewild.com.br/portfolio/to-think-tanabi-perdizes"
"ml-mbi-one","MBI ONE","Sugestão editorial; validar no Google Ads","Frase / exata","https://bewild.com.br/portfolio/ml-mbi-one"
"ml-mbi-one","Pinheiros","Sugestão editorial; validar no Google Ads","Frase / exata","https://bewild.com.br/portfolio/ml-mbi-one"
"ml-mbi-one","projeto de estúdio","Sugestão editorial; validar no Google Ads","Frase / exata","https://bewild.com.br/portfolio/ml-mbi-one"
"ml-mbi-one","parede verde oliva","Sugestão editorial; validar no Google Ads","Frase / exata","https://bewild.com.br/portfolio/ml-mbi-one"
"ml-mbi-one","marcenaria branca","Sugestão editorial; validar no Google Ads","Frase / exata","https://bewild.com.br/portfolio/ml-mbi-one"
"ml-mbi-one","divisória vazada","Sugestão editorial; validar no Google Ads","Frase / exata","https://bewild.com.br/portfolio/ml-mbi-one"
"ml-mbi-one","bancada multifuncional","Sugestão editorial; validar no Google Ads","Frase / exata","https://bewild.com.br/portfolio/ml-mbi-one"
"ml-mbi-one","piso em espinha de peixe","Sugestão editorial; validar no Google Ads","Frase / exata","https://bewild.com.br/portfolio/ml-mbi-one"
"ml-mbi-one","reforma de studio para Airbnb","Sugestão editorial; validar no Google Ads","Frase / exata","https://bewild.com.br/portfolio/ml-mbi-one"
"ml-mbi-one","reforma de apartamento para locação por temporada","Sugestão editorial; validar no Google Ads","Frase / exata","https://bewild.com.br/portfolio/ml-mbi-one"
"ml-mbi-one","reforma turnkey de studio","Sugestão editorial; validar no Google Ads","Frase / exata","https://bewild.com.br/portfolio/ml-mbi-one"
"ml-mbi-one","reforma de apartamento em Pinheiros","Sugestão editorial; validar no Google Ads","Frase / exata","https://bewild.com.br/portfolio/ml-mbi-one"
"cm-aria-higienopolis","Aria Higienópolis","Sugestão editorial; validar no Google Ads","Frase / exata","https://bewild.com.br/portfolio/cm-aria-higienopolis"
"cm-aria-higienopolis","Higienópolis","Sugestão editorial; validar no Google Ads","Frase / exata","https://bewild.com.br/portfolio/cm-aria-higienopolis"
"cm-aria-higienopolis","projeto de estúdio","Sugestão editorial; validar no Google Ads","Frase / exata","https://bewild.com.br/portfolio/cm-aria-higienopolis"
"cm-aria-higienopolis","cozinha linear","Sugestão editorial; validar no Google Ads","Frase / exata","https://bewild.com.br/portfolio/cm-aria-higienopolis"
"cm-aria-higienopolis","marcenaria clara","Sugestão editorial; validar no Google Ads","Frase / exata","https://bewild.com.br/portfolio/cm-aria-higienopolis"
"cm-aria-higienopolis","painéis amadeirados","Sugestão editorial; validar no Google Ads","Frase / exata","https://bewild.com.br/portfolio/cm-aria-higienopolis"
"cm-aria-higienopolis","mesa redonda","Sugestão editorial; validar no Google Ads","Frase / exata","https://bewild.com.br/portfolio/cm-aria-higienopolis"
"cm-aria-higienopolis","espaço de trabalho","Sugestão editorial; validar no Google Ads","Frase / exata","https://bewild.com.br/portfolio/cm-aria-higienopolis"
"cm-aria-higienopolis","reforma de studio para Airbnb","Sugestão editorial; validar no Google Ads","Frase / exata","https://bewild.com.br/portfolio/cm-aria-higienopolis"
"cm-aria-higienopolis","reforma de apartamento para locação por temporada","Sugestão editorial; validar no Google Ads","Frase / exata","https://bewild.com.br/portfolio/cm-aria-higienopolis"
"cm-aria-higienopolis","reforma turnkey de studio","Sugestão editorial; validar no Google Ads","Frase / exata","https://bewild.com.br/portfolio/cm-aria-higienopolis"
"cm-aria-higienopolis","reforma de apartamento em Higienópolis","Sugestão editorial; validar no Google Ads","Frase / exata","https://bewild.com.br/portfolio/cm-aria-higienopolis"
"hr-rem-id-alta-romana","ID Alta Romana","Sugestão editorial; validar no Google Ads","Frase / exata","https://bewild.com.br/portfolio/hr-rem-id-alta-romana"
"hr-rem-id-alta-romana","studio na Vila Romana","Sugestão editorial; validar no Google Ads","Frase / exata","https://bewild.com.br/portfolio/hr-rem-id-alta-romana"
"hr-rem-id-alta-romana","projeto de interiores","Sugestão editorial; validar no Google Ads","Frase / exata","https://bewild.com.br/portfolio/hr-rem-id-alta-romana"
"hr-rem-id-alta-romana","cozinha linear","Sugestão editorial; validar no Google Ads","Frase / exata","https://bewild.com.br/portfolio/hr-rem-id-alta-romana"
"hr-rem-id-alta-romana","marcenaria branca e amadeirada","Sugestão editorial; validar no Google Ads","Frase / exata","https://bewild.com.br/portfolio/hr-rem-id-alta-romana"
"hr-rem-id-alta-romana","bancada para trabalho e refeições","Sugestão editorial; validar no Google Ads","Frase / exata","https://bewild.com.br/portfolio/hr-rem-id-alta-romana"
"hr-rem-id-alta-romana","cabeceira com iluminação indireta","Sugestão editorial; validar no Google Ads","Frase / exata","https://bewild.com.br/portfolio/hr-rem-id-alta-romana"
"hr-rem-id-alta-romana","reforma de studio para Airbnb","Sugestão editorial; validar no Google Ads","Frase / exata","https://bewild.com.br/portfolio/hr-rem-id-alta-romana"
"hr-rem-id-alta-romana","reforma de apartamento para locação por temporada","Sugestão editorial; validar no Google Ads","Frase / exata","https://bewild.com.br/portfolio/hr-rem-id-alta-romana"
"hr-rem-id-alta-romana","reforma turnkey de studio","Sugestão editorial; validar no Google Ads","Frase / exata","https://bewild.com.br/portfolio/hr-rem-id-alta-romana"
"hr-rem-id-alta-romana","reforma de apartamento em Vila Romana","Sugestão editorial; validar no Google Ads","Frase / exata","https://bewild.com.br/portfolio/hr-rem-id-alta-romana"
"ac-next-one-arthur-prado","Next One Arthur Prado","Sugestão editorial; validar no Google Ads","Frase / exata","https://bewild.com.br/portfolio/ac-next-one-arthur-prado"
"ac-next-one-arthur-prado","interiores na Bela Vista","Sugestão editorial; validar no Google Ads","Frase / exata","https://bewild.com.br/portfolio/ac-next-one-arthur-prado"
"ac-next-one-arthur-prado","marcenaria verde acinzentada","Sugestão editorial; validar no Google Ads","Frase / exata","https://bewild.com.br/portfolio/ac-next-one-arthur-prado"
"ac-next-one-arthur-prado","acabamento amadeirado","Sugestão editorial; validar no Google Ads","Frase / exata","https://bewild.com.br/portfolio/ac-next-one-arthur-prado"
"ac-next-one-arthur-prado","cozinha e estar integrados","Sugestão editorial; validar no Google Ads","Frase / exata","https://bewild.com.br/portfolio/ac-next-one-arthur-prado"
"ac-next-one-arthur-prado","bancada de trabalho","Sugestão editorial; validar no Google Ads","Frase / exata","https://bewild.com.br/portfolio/ac-next-one-arthur-prado"
"ac-next-one-arthur-prado","banheiro com gabinete verde","Sugestão editorial; validar no Google Ads","Frase / exata","https://bewild.com.br/portfolio/ac-next-one-arthur-prado"
"ac-next-one-arthur-prado","reforma de studio para Airbnb","Sugestão editorial; validar no Google Ads","Frase / exata","https://bewild.com.br/portfolio/ac-next-one-arthur-prado"
"ac-next-one-arthur-prado","reforma de apartamento para locação por temporada","Sugestão editorial; validar no Google Ads","Frase / exata","https://bewild.com.br/portfolio/ac-next-one-arthur-prado"
"ac-next-one-arthur-prado","reforma turnkey de studio","Sugestão editorial; validar no Google Ads","Frase / exata","https://bewild.com.br/portfolio/ac-next-one-arthur-prado"
"ac-next-one-arthur-prado","reforma de apartamento em Bela Vista","Sugestão editorial; validar no Google Ads","Frase / exata","https://bewild.com.br/portfolio/ac-next-one-arthur-prado"
"lm-lm-urban-flex-flats-bela-cintra","Urban Flex Flats Bela Cintra","Sugestão editorial; validar no Google Ads","Frase / exata","https://bewild.com.br/portfolio/lm-lm-urban-flex-flats-bela-cintra"
"lm-lm-urban-flex-flats-bela-cintra","projeto de interiores","Sugestão editorial; validar no Google Ads","Frase / exata","https://bewild.com.br/portfolio/lm-lm-urban-flex-flats-bela-cintra"
"lm-lm-urban-flex-flats-bela-cintra","marcenaria amadeirada","Sugestão editorial; validar no Google Ads","Frase / exata","https://bewild.com.br/portfolio/lm-lm-urban-flex-flats-bela-cintra"
"lm-lm-urban-flex-flats-bela-cintra","cozinha cinza","Sugestão editorial; validar no Google Ads","Frase / exata","https://bewild.com.br/portfolio/lm-lm-urban-flex-flats-bela-cintra"
"lm-lm-urban-flex-flats-bela-cintra","parede azul","Sugestão editorial; validar no Google Ads","Frase / exata","https://bewild.com.br/portfolio/lm-lm-urban-flex-flats-bela-cintra"
"lm-lm-urban-flex-flats-bela-cintra","bancada de trabalho","Sugestão editorial; validar no Google Ads","Frase / exata","https://bewild.com.br/portfolio/lm-lm-urban-flex-flats-bela-cintra"
"lm-lm-urban-flex-flats-bela-cintra","banco com armazenamento","Sugestão editorial; validar no Google Ads","Frase / exata","https://bewild.com.br/portfolio/lm-lm-urban-flex-flats-bela-cintra"
"lm-lm-urban-flex-flats-bela-cintra","cabideiro aberto","Sugestão editorial; validar no Google Ads","Frase / exata","https://bewild.com.br/portfolio/lm-lm-urban-flex-flats-bela-cintra"
"lm-lm-urban-flex-flats-bela-cintra","reforma de studio para Airbnb","Sugestão editorial; validar no Google Ads","Frase / exata","https://bewild.com.br/portfolio/lm-lm-urban-flex-flats-bela-cintra"
"lm-lm-urban-flex-flats-bela-cintra","reforma de apartamento para locação por temporada","Sugestão editorial; validar no Google Ads","Frase / exata","https://bewild.com.br/portfolio/lm-lm-urban-flex-flats-bela-cintra"
"lm-lm-urban-flex-flats-bela-cintra","reforma turnkey de studio","Sugestão editorial; validar no Google Ads","Frase / exata","https://bewild.com.br/portfolio/lm-lm-urban-flex-flats-bela-cintra"
"pi-lm-urbanflex","Urbanflex","Sugestão editorial; validar no Google Ads","Frase / exata","https://bewild.com.br/portfolio/pi-lm-urbanflex"
"pi-lm-urbanflex","projeto de interiores","Sugestão editorial; validar no Google Ads","Frase / exata","https://bewild.com.br/portfolio/pi-lm-urbanflex"
"pi-lm-urbanflex","marcenaria amadeirada","Sugestão editorial; validar no Google Ads","Frase / exata","https://bewild.com.br/portfolio/pi-lm-urbanflex"
"pi-lm-urbanflex","cozinha linear","Sugestão editorial; validar no Google Ads","Frase / exata","https://bewild.com.br/portfolio/pi-lm-urbanflex"
"pi-lm-urbanflex","bancada de trabalho","Sugestão editorial; validar no Google Ads","Frase / exata","https://bewild.com.br/portfolio/pi-lm-urbanflex"
"pi-lm-urbanflex","banco estofado","Sugestão editorial; validar no Google Ads","Frase / exata","https://bewild.com.br/portfolio/pi-lm-urbanflex"
"pi-lm-urbanflex","guarda de roupas aberta","Sugestão editorial; validar no Google Ads","Frase / exata","https://bewild.com.br/portfolio/pi-lm-urbanflex"
"pi-lm-urbanflex","reforma de studio para Airbnb","Sugestão editorial; validar no Google Ads","Frase / exata","https://bewild.com.br/portfolio/pi-lm-urbanflex"
"pi-lm-urbanflex","reforma de apartamento para locação por temporada","Sugestão editorial; validar no Google Ads","Frase / exata","https://bewild.com.br/portfolio/pi-lm-urbanflex"
"pi-lm-urbanflex","reforma turnkey de studio","Sugestão editorial; validar no Google Ads","Frase / exata","https://bewild.com.br/portfolio/pi-lm-urbanflex"
"jn-pinheiros-by-passareli-92","Pinheiros by Passareli","Sugestão editorial; validar no Google Ads","Frase / exata","https://bewild.com.br/portfolio/jn-pinheiros-by-passareli-92"
"jn-pinheiros-by-passareli-92","estar e jantar conectados","Sugestão editorial; validar no Google Ads","Frase / exata","https://bewild.com.br/portfolio/jn-pinheiros-by-passareli-92"
"jn-pinheiros-by-passareli-92","bancada de trabalho","Sugestão editorial; validar no Google Ads","Frase / exata","https://bewild.com.br/portfolio/jn-pinheiros-by-passareli-92"
"jn-pinheiros-by-passareli-92","marcenaria amadeirada","Sugestão editorial; validar no Google Ads","Frase / exata","https://bewild.com.br/portfolio/jn-pinheiros-by-passareli-92"
"jn-pinheiros-by-passareli-92","mesa oval","Sugestão editorial; validar no Google Ads","Frase / exata","https://bewild.com.br/portfolio/jn-pinheiros-by-passareli-92"
"jn-pinheiros-by-passareli-92","painel de TV com nichos","Sugestão editorial; validar no Google Ads","Frase / exata","https://bewild.com.br/portfolio/jn-pinheiros-by-passareli-92"
"jn-pinheiros-by-passareli-92","visualizações de interiores","Sugestão editorial; validar no Google Ads","Frase / exata","https://bewild.com.br/portfolio/jn-pinheiros-by-passareli-92"
"jn-pinheiros-by-passareli-92","reforma completa de apartamento para morar","Sugestão editorial; validar no Google Ads","Frase / exata","https://bewild.com.br/portfolio/jn-pinheiros-by-passareli-92"
"jn-pinheiros-by-passareli-92","arquitetura de interiores para apartamento compacto","Sugestão editorial; validar no Google Ads","Frase / exata","https://bewild.com.br/portfolio/jn-pinheiros-by-passareli-92"
"jn-pinheiros-by-passareli-92","reforma turnkey residencial","Sugestão editorial; validar no Google Ads","Frase / exata","https://bewild.com.br/portfolio/jn-pinheiros-by-passareli-92"
"jn-vila-olimpia-passarelli","estar e cozinha conectados","Sugestão editorial; validar no Google Ads","Frase / exata","https://bewild.com.br/portfolio/jn-vila-olimpia-passarelli"
"jn-vila-olimpia-passarelli","marcenaria amadeirada","Sugestão editorial; validar no Google Ads","Frase / exata","https://bewild.com.br/portfolio/jn-vila-olimpia-passarelli"
"jn-vila-olimpia-passarelli","mesa redonda preta","Sugestão editorial; validar no Google Ads","Frase / exata","https://bewild.com.br/portfolio/jn-vila-olimpia-passarelli"
"jn-vila-olimpia-passarelli","painel com frisos verticais","Sugestão editorial; validar no Google Ads","Frase / exata","https://bewild.com.br/portfolio/jn-vila-olimpia-passarelli"
"jn-vila-olimpia-passarelli","cabeceira iluminada","Sugestão editorial; validar no Google Ads","Frase / exata","https://bewild.com.br/portfolio/jn-vila-olimpia-passarelli"
"jn-vila-olimpia-passarelli","roupeiro compartimentado","Sugestão editorial; validar no Google Ads","Frase / exata","https://bewild.com.br/portfolio/jn-vila-olimpia-passarelli"
"jn-vila-olimpia-passarelli","projeto de interiores","Sugestão editorial; validar no Google Ads","Frase / exata","https://bewild.com.br/portfolio/jn-vila-olimpia-passarelli"
"jn-vila-olimpia-passarelli","reforma de studio para Airbnb","Sugestão editorial; validar no Google Ads","Frase / exata","https://bewild.com.br/portfolio/jn-vila-olimpia-passarelli"
"jn-vila-olimpia-passarelli","reforma de apartamento para locação por temporada","Sugestão editorial; validar no Google Ads","Frase / exata","https://bewild.com.br/portfolio/jn-vila-olimpia-passarelli"
"jn-vila-olimpia-passarelli","reforma turnkey de studio","Sugestão editorial; validar no Google Ads","Frase / exata","https://bewild.com.br/portfolio/jn-vila-olimpia-passarelli"
"gm-vila-olimpia-passarelli","projeto de interiores","Sugestão editorial; validar no Google Ads","Frase / exata","https://bewild.com.br/portfolio/gm-vila-olimpia-passarelli"
"gm-vila-olimpia-passarelli","cozinha integrada ao estar","Sugestão editorial; validar no Google Ads","Frase / exata","https://bewild.com.br/portfolio/gm-vila-olimpia-passarelli"
"gm-vila-olimpia-passarelli","marcenaria cinza e amadeirada","Sugestão editorial; validar no Google Ads","Frase / exata","https://bewild.com.br/portfolio/gm-vila-olimpia-passarelli"
"gm-vila-olimpia-passarelli","mesa circular preta","Sugestão editorial; validar no Google Ads","Frase / exata","https://bewild.com.br/portfolio/gm-vila-olimpia-passarelli"
"gm-vila-olimpia-passarelli","armário com espelho","Sugestão editorial; validar no Google Ads","Frase / exata","https://bewild.com.br/portfolio/gm-vila-olimpia-passarelli"
"gm-vila-olimpia-passarelli","planta 3D","Sugestão editorial; validar no Google Ads","Frase / exata","https://bewild.com.br/portfolio/gm-vila-olimpia-passarelli"
"gm-vila-olimpia-passarelli","dormitórios separados","Sugestão editorial; validar no Google Ads","Frase / exata","https://bewild.com.br/portfolio/gm-vila-olimpia-passarelli"
"gm-vila-olimpia-passarelli","reforma de studio para Airbnb","Sugestão editorial; validar no Google Ads","Frase / exata","https://bewild.com.br/portfolio/gm-vila-olimpia-passarelli"
"gm-vila-olimpia-passarelli","reforma de apartamento para locação por temporada","Sugestão editorial; validar no Google Ads","Frase / exata","https://bewild.com.br/portfolio/gm-vila-olimpia-passarelli"
"gm-vila-olimpia-passarelli","reforma turnkey de studio","Sugestão editorial; validar no Google Ads","Frase / exata","https://bewild.com.br/portfolio/gm-vila-olimpia-passarelli"
"rm-next-vila-nova","Next Vila Nova","Sugestão editorial; validar no Google Ads","Frase / exata","https://bewild.com.br/portfolio/rm-next-vila-nova"
"rm-next-vila-nova","marcenaria amadeirada","Sugestão editorial; validar no Google Ads","Frase / exata","https://bewild.com.br/portfolio/rm-next-vila-nova"
"rm-next-vila-nova","cozinha linear","Sugestão editorial; validar no Google Ads","Frase / exata","https://bewild.com.br/portfolio/rm-next-vila-nova"
"rm-next-vila-nova","ambientes conectados","Sugestão editorial; validar no Google Ads","Frase / exata","https://bewild.com.br/portfolio/rm-next-vila-nova"
"rm-next-vila-nova","bancada alta","Sugestão editorial; validar no Google Ads","Frase / exata","https://bewild.com.br/portfolio/rm-next-vila-nova"
"rm-next-vila-nova","armário aberto","Sugestão editorial; validar no Google Ads","Frase / exata","https://bewild.com.br/portfolio/rm-next-vila-nova"
"rm-next-vila-nova","cabeceira amadeirada","Sugestão editorial; validar no Google Ads","Frase / exata","https://bewild.com.br/portfolio/rm-next-vila-nova"
"rm-next-vila-nova","reforma de studio para Airbnb","Sugestão editorial; validar no Google Ads","Frase / exata","https://bewild.com.br/portfolio/rm-next-vila-nova"
"rm-next-vila-nova","reforma de apartamento para locação por temporada","Sugestão editorial; validar no Google Ads","Frase / exata","https://bewild.com.br/portfolio/rm-next-vila-nova"
"rm-next-vila-nova","reforma turnkey de studio","Sugestão editorial; validar no Google Ads","Frase / exata","https://bewild.com.br/portfolio/rm-next-vila-nova"
"mp-ml-brooklin","proposta de interiores","Sugestão editorial; validar no Google Ads","Frase / exata","https://bewild.com.br/portfolio/mp-ml-brooklin"
"mp-ml-brooklin","marcenaria amadeirada","Sugestão editorial; validar no Google Ads","Frase / exata","https://bewild.com.br/portfolio/mp-ml-brooklin"
"mp-ml-brooklin","cabeceira cinza","Sugestão editorial; validar no Google Ads","Frase / exata","https://bewild.com.br/portfolio/mp-ml-brooklin"
"mp-ml-brooklin","bancada de trabalho","Sugestão editorial; validar no Google Ads","Frase / exata","https://bewild.com.br/portfolio/mp-ml-brooklin"
"mp-ml-brooklin","armário de roupas","Sugestão editorial; validar no Google Ads","Frase / exata","https://bewild.com.br/portfolio/mp-ml-brooklin"
"mp-ml-brooklin","cozinha linear","Sugestão editorial; validar no Google Ads","Frase / exata","https://bewild.com.br/portfolio/mp-ml-brooklin"
"mp-ml-brooklin","iluminação de cabeceira","Sugestão editorial; validar no Google Ads","Frase / exata","https://bewild.com.br/portfolio/mp-ml-brooklin"
"mp-ml-brooklin","reforma de studio para Airbnb","Sugestão editorial; validar no Google Ads","Frase / exata","https://bewild.com.br/portfolio/mp-ml-brooklin"
"mp-ml-brooklin","reforma de apartamento para locação por temporada","Sugestão editorial; validar no Google Ads","Frase / exata","https://bewild.com.br/portfolio/mp-ml-brooklin"
"mp-ml-brooklin","reforma turnkey de studio","Sugestão editorial; validar no Google Ads","Frase / exata","https://bewild.com.br/portfolio/mp-ml-brooklin"
"rs-nex-one-jurupis","NEX ONE JURUPIS","Sugestão editorial; validar no Google Ads","Frase / exata","https://bewild.com.br/portfolio/rs-nex-one-jurupis"
"rs-nex-one-jurupis","arquitetura de interiores","Sugestão editorial; validar no Google Ads","Frase / exata","https://bewild.com.br/portfolio/rs-nex-one-jurupis"
"rs-nex-one-jurupis","cozinha e estar integrados","Sugestão editorial; validar no Google Ads","Frase / exata","https://bewild.com.br/portfolio/rs-nex-one-jurupis"
"rs-nex-one-jurupis","marcenaria amadeirada","Sugestão editorial; validar no Google Ads","Frase / exata","https://bewild.com.br/portfolio/rs-nex-one-jurupis"
"rs-nex-one-jurupis","sofá azul","Sugestão editorial; validar no Google Ads","Frase / exata","https://bewild.com.br/portfolio/rs-nex-one-jurupis"
"rs-nex-one-jurupis","mesa redonda","Sugestão editorial; validar no Google Ads","Frase / exata","https://bewild.com.br/portfolio/rs-nex-one-jurupis"
"rs-nex-one-jurupis","visualização 3D","Sugestão editorial; validar no Google Ads","Frase / exata","https://bewild.com.br/portfolio/rs-nex-one-jurupis"
"rs-nex-one-jurupis","reforma de studio para Airbnb","Sugestão editorial; validar no Google Ads","Frase / exata","https://bewild.com.br/portfolio/rs-nex-one-jurupis"
"rs-nex-one-jurupis","reforma de apartamento para locação por temporada","Sugestão editorial; validar no Google Ads","Frase / exata","https://bewild.com.br/portfolio/rs-nex-one-jurupis"
"rs-nex-one-jurupis","reforma turnkey de studio","Sugestão editorial; validar no Google Ads","Frase / exata","https://bewild.com.br/portfolio/rs-nex-one-jurupis"
"ep-le-jardim","Le Jardim","Sugestão editorial; validar no Google Ads","Frase / exata","https://bewild.com.br/portfolio/ep-le-jardim"
"ep-le-jardim","cozinha linear","Sugestão editorial; validar no Google Ads","Frase / exata","https://bewild.com.br/portfolio/ep-le-jardim"
"ep-le-jardim","marcenaria bege","Sugestão editorial; validar no Google Ads","Frase / exata","https://bewild.com.br/portfolio/ep-le-jardim"
"ep-le-jardim","interiores em tons claros","Sugestão editorial; validar no Google Ads","Frase / exata","https://bewild.com.br/portfolio/ep-le-jardim"
"ep-le-jardim","cabeceira iluminada","Sugestão editorial; validar no Google Ads","Frase / exata","https://bewild.com.br/portfolio/ep-le-jardim"
"ep-le-jardim","mesa redonda","Sugestão editorial; validar no Google Ads","Frase / exata","https://bewild.com.br/portfolio/ep-le-jardim"
"ep-le-jardim","painéis espelhados","Sugestão editorial; validar no Google Ads","Frase / exata","https://bewild.com.br/portfolio/ep-le-jardim"
"ep-le-jardim","reforma de studio para Airbnb","Sugestão editorial; validar no Google Ads","Frase / exata","https://bewild.com.br/portfolio/ep-le-jardim"
"ep-le-jardim","reforma de apartamento para locação por temporada","Sugestão editorial; validar no Google Ads","Frase / exata","https://bewild.com.br/portfolio/ep-le-jardim"
"ep-le-jardim","reforma turnkey de studio","Sugestão editorial; validar no Google Ads","Frase / exata","https://bewild.com.br/portfolio/ep-le-jardim"
"fa-maceio-88","Maceió 88","Sugestão editorial; validar no Google Ads","Frase / exata","https://bewild.com.br/portfolio/fa-maceio-88"
"fa-maceio-88","cozinha azul acinzentada","Sugestão editorial; validar no Google Ads","Frase / exata","https://bewild.com.br/portfolio/fa-maceio-88"
"fa-maceio-88","marcenaria amadeirada","Sugestão editorial; validar no Google Ads","Frase / exata","https://bewild.com.br/portfolio/fa-maceio-88"
"fa-maceio-88","cozinha linear","Sugestão editorial; validar no Google Ads","Frase / exata","https://bewild.com.br/portfolio/fa-maceio-88"
"fa-maceio-88","bancada de trabalho","Sugestão editorial; validar no Google Ads","Frase / exata","https://bewild.com.br/portfolio/fa-maceio-88"
"fa-maceio-88","varanda envidraçada","Sugestão editorial; validar no Google Ads","Frase / exata","https://bewild.com.br/portfolio/fa-maceio-88"
"fa-maceio-88","banheiro azul-esverdeado","Sugestão editorial; validar no Google Ads","Frase / exata","https://bewild.com.br/portfolio/fa-maceio-88"
"fa-maceio-88","projeto de interiores","Sugestão editorial; validar no Google Ads","Frase / exata","https://bewild.com.br/portfolio/fa-maceio-88"
"fa-maceio-88","reforma completa de apartamento para morar","Sugestão editorial; validar no Google Ads","Frase / exata","https://bewild.com.br/portfolio/fa-maceio-88"
"fa-maceio-88","arquitetura de interiores para apartamento compacto","Sugestão editorial; validar no Google Ads","Frase / exata","https://bewild.com.br/portfolio/fa-maceio-88"
"fa-maceio-88","reforma turnkey residencial","Sugestão editorial; validar no Google Ads","Frase / exata","https://bewild.com.br/portfolio/fa-maceio-88"
"sx-go-balkon","GO BALKON","Sugestão editorial; validar no Google Ads","Frase / exata","https://bewild.com.br/portfolio/sx-go-balkon"
"sx-go-balkon","proposta de interiores","Sugestão editorial; validar no Google Ads","Frase / exata","https://bewild.com.br/portfolio/sx-go-balkon"
"sx-go-balkon","marcenaria amadeirada","Sugestão editorial; validar no Google Ads","Frase / exata","https://bewild.com.br/portfolio/sx-go-balkon"
"sx-go-balkon","cozinha com bancada escura","Sugestão editorial; validar no Google Ads","Frase / exata","https://bewild.com.br/portfolio/sx-go-balkon"
"sx-go-balkon","bancada de trabalho e refeições","Sugestão editorial; validar no Google Ads","Frase / exata","https://bewild.com.br/portfolio/sx-go-balkon"
"sx-go-balkon","iluminação linear","Sugestão editorial; validar no Google Ads","Frase / exata","https://bewild.com.br/portfolio/sx-go-balkon"
"sx-go-balkon","integração de usos","Sugestão editorial; validar no Google Ads","Frase / exata","https://bewild.com.br/portfolio/sx-go-balkon"
"sx-go-balkon","reforma de studio para Airbnb","Sugestão editorial; validar no Google Ads","Frase / exata","https://bewild.com.br/portfolio/sx-go-balkon"
"sx-go-balkon","reforma de apartamento para locação por temporada","Sugestão editorial; validar no Google Ads","Frase / exata","https://bewild.com.br/portfolio/sx-go-balkon"
"sx-go-balkon","reforma turnkey de studio","Sugestão editorial; validar no Google Ads","Frase / exata","https://bewild.com.br/portfolio/sx-go-balkon"
"tb-urban-flex","Urban Flex","Sugestão editorial; validar no Google Ads","Frase / exata","https://bewild.com.br/portfolio/tb-urban-flex"
"tb-urban-flex","proposta de interiores","Sugestão editorial; validar no Google Ads","Frase / exata","https://bewild.com.br/portfolio/tb-urban-flex"
"tb-urban-flex","estar e jantar","Sugestão editorial; validar no Google Ads","Frase / exata","https://bewild.com.br/portfolio/tb-urban-flex"
"tb-urban-flex","marcenaria clara","Sugestão editorial; validar no Google Ads","Frase / exata","https://bewild.com.br/portfolio/tb-urban-flex"
"tb-urban-flex","parede espelhada","Sugestão editorial; validar no Google Ads","Frase / exata","https://bewild.com.br/portfolio/tb-urban-flex"
"tb-urban-flex","cozinha com bancada escura","Sugestão editorial; validar no Google Ads","Frase / exata","https://bewild.com.br/portfolio/tb-urban-flex"
"tb-urban-flex","cabeceira amadeirada","Sugestão editorial; validar no Google Ads","Frase / exata","https://bewild.com.br/portfolio/tb-urban-flex"
"tb-urban-flex","reforma completa de apartamento para morar","Sugestão editorial; validar no Google Ads","Frase / exata","https://bewild.com.br/portfolio/tb-urban-flex"
"tb-urban-flex","arquitetura de interiores para apartamento compacto","Sugestão editorial; validar no Google Ads","Frase / exata","https://bewild.com.br/portfolio/tb-urban-flex"
"tb-urban-flex","reforma turnkey residencial","Sugestão editorial; validar no Google Ads","Frase / exata","https://bewild.com.br/portfolio/tb-urban-flex"
"lc-lm-urban-flex","projeto apartamento sala integrada","Sugestão editorial; validar no Google Ads","Frase / exata","https://bewild.com.br/portfolio/lc-lm-urban-flex"
"lc-lm-urban-flex","projeto urban flex apartamento","Sugestão editorial; validar no Google Ads","Frase / exata","https://bewild.com.br/portfolio/lc-lm-urban-flex"
"lc-lm-urban-flex","projeto de interiores em 3d","Sugestão editorial; validar no Google Ads","Frase / exata","https://bewild.com.br/portfolio/lc-lm-urban-flex"
"lc-lm-urban-flex","marcenaria sala e quarto","Sugestão editorial; validar no Google Ads","Frase / exata","https://bewild.com.br/portfolio/lc-lm-urban-flex"
"lc-lm-urban-flex","projeto apartamento compacto","Sugestão editorial; validar no Google Ads","Frase / exata","https://bewild.com.br/portfolio/lc-lm-urban-flex"
"lc-lm-urban-flex","projeto de apartamento pequeno","Sugestão editorial; validar no Google Ads","Frase / exata","https://bewild.com.br/portfolio/lc-lm-urban-flex"
"lc-lm-urban-flex","reforma apartamento para moradia","Sugestão editorial; validar no Google Ads","Frase / exata","https://bewild.com.br/portfolio/lc-lm-urban-flex"
"md-citzy-paulista","Citzy Paulista","Sugestão editorial; validar no Google Ads","Frase / exata","https://bewild.com.br/portfolio/md-citzy-paulista"
"md-citzy-paulista","Bela Vista","Sugestão editorial; validar no Google Ads","Frase / exata","https://bewild.com.br/portfolio/md-citzy-paulista"
"md-citzy-paulista","projeto de interiores","Sugestão editorial; validar no Google Ads","Frase / exata","https://bewild.com.br/portfolio/md-citzy-paulista"
"md-citzy-paulista","cozinha azul-acinzentada","Sugestão editorial; validar no Google Ads","Frase / exata","https://bewild.com.br/portfolio/md-citzy-paulista"
"md-citzy-paulista","marcenaria amadeirada","Sugestão editorial; validar no Google Ads","Frase / exata","https://bewild.com.br/portfolio/md-citzy-paulista"
"md-citzy-paulista","sala e jantar","Sugestão editorial; validar no Google Ads","Frase / exata","https://bewild.com.br/portfolio/md-citzy-paulista"
"md-citzy-paulista","iluminação sob armários","Sugestão editorial; validar no Google Ads","Frase / exata","https://bewild.com.br/portfolio/md-citzy-paulista"
"md-citzy-paulista","reforma completa de apartamento para morar","Sugestão editorial; validar no Google Ads","Frase / exata","https://bewild.com.br/portfolio/md-citzy-paulista"
"md-citzy-paulista","arquitetura de interiores para apartamento compacto","Sugestão editorial; validar no Google Ads","Frase / exata","https://bewild.com.br/portfolio/md-citzy-paulista"
"md-citzy-paulista","reforma turnkey residencial","Sugestão editorial; validar no Google Ads","Frase / exata","https://bewild.com.br/portfolio/md-citzy-paulista"
"md-citzy-paulista","reforma de apartamento em Bela Vista","Sugestão editorial; validar no Google Ads","Frase / exata","https://bewild.com.br/portfolio/md-citzy-paulista"
"vl-nex-one-pereira","NEX ONE PEREIRA","Sugestão editorial; validar no Google Ads","Frase / exata","https://bewild.com.br/portfolio/vl-nex-one-pereira"
"vl-nex-one-pereira","Vila Nova Conceição","Sugestão editorial; validar no Google Ads","Frase / exata","https://bewild.com.br/portfolio/vl-nex-one-pereira"
"vl-nex-one-pereira","proposta de interiores","Sugestão editorial; validar no Google Ads","Frase / exata","https://bewild.com.br/portfolio/vl-nex-one-pereira"
"vl-nex-one-pereira","cozinha amadeirada","Sugestão editorial; validar no Google Ads","Frase / exata","https://bewild.com.br/portfolio/vl-nex-one-pereira"
"vl-nex-one-pereira","bancada para refeições e trabalho","Sugestão editorial; validar no Google Ads","Frase / exata","https://bewild.com.br/portfolio/vl-nex-one-pereira"
"vl-nex-one-pereira","estar cinza","Sugestão editorial; validar no Google Ads","Frase / exata","https://bewild.com.br/portfolio/vl-nex-one-pereira"
"vl-nex-one-pereira","dormitório separado","Sugestão editorial; validar no Google Ads","Frase / exata","https://bewild.com.br/portfolio/vl-nex-one-pereira"
"vl-nex-one-pereira","reforma de apartamento em Vila Nova Conceição","Sugestão editorial; validar no Google Ads","Frase / exata","https://bewild.com.br/portfolio/vl-nex-one-pereira"
"jw-green-view-butanta","Green View Butantã","Sugestão editorial; validar no Google Ads","Frase / exata","https://bewild.com.br/portfolio/jw-green-view-butanta"
"jw-green-view-butanta","studio no Butantã","Sugestão editorial; validar no Google Ads","Frase / exata","https://bewild.com.br/portfolio/jw-green-view-butanta"
"jw-green-view-butanta","projeto de interiores","Sugestão editorial; validar no Google Ads","Frase / exata","https://bewild.com.br/portfolio/jw-green-view-butanta"
"jw-green-view-butanta","cozinha linear","Sugestão editorial; validar no Google Ads","Frase / exata","https://bewild.com.br/portfolio/jw-green-view-butanta"
"jw-green-view-butanta","cabeceira iluminada","Sugestão editorial; validar no Google Ads","Frase / exata","https://bewild.com.br/portfolio/jw-green-view-butanta"
"jw-green-view-butanta","marcenaria amadeirada","Sugestão editorial; validar no Google Ads","Frase / exata","https://bewild.com.br/portfolio/jw-green-view-butanta"
"jw-green-view-butanta","bancada de trabalho","Sugestão editorial; validar no Google Ads","Frase / exata","https://bewild.com.br/portfolio/jw-green-view-butanta"
"jw-green-view-butanta","mesa redonda","Sugestão editorial; validar no Google Ads","Frase / exata","https://bewild.com.br/portfolio/jw-green-view-butanta"
"jw-green-view-butanta","reforma de studio para Airbnb","Sugestão editorial; validar no Google Ads","Frase / exata","https://bewild.com.br/portfolio/jw-green-view-butanta"
"jw-green-view-butanta","reforma de apartamento para locação por temporada","Sugestão editorial; validar no Google Ads","Frase / exata","https://bewild.com.br/portfolio/jw-green-view-butanta"
"jw-green-view-butanta","reforma turnkey de studio","Sugestão editorial; validar no Google Ads","Frase / exata","https://bewild.com.br/portfolio/jw-green-view-butanta"
"jw-green-view-butanta","reforma de apartamento em Butantã","Sugestão editorial; validar no Google Ads","Frase / exata","https://bewild.com.br/portfolio/jw-green-view-butanta"
"jw-green-view-butanta-2","Green View Butantã","Sugestão editorial; validar no Google Ads","Frase / exata","https://bewild.com.br/portfolio/jw-green-view-butanta-2"
"jw-green-view-butanta-2","proposta de interiores","Sugestão editorial; validar no Google Ads","Frase / exata","https://bewild.com.br/portfolio/jw-green-view-butanta-2"
"jw-green-view-butanta-2","studio no Butantã","Sugestão editorial; validar no Google Ads","Frase / exata","https://bewild.com.br/portfolio/jw-green-view-butanta-2"
"jw-green-view-butanta-2","cabeceira amadeirada","Sugestão editorial; validar no Google Ads","Frase / exata","https://bewild.com.br/portfolio/jw-green-view-butanta-2"
"jw-green-view-butanta-2","mesa circular","Sugestão editorial; validar no Google Ads","Frase / exata","https://bewild.com.br/portfolio/jw-green-view-butanta-2"
"jw-green-view-butanta-2","banheiro bege","Sugestão editorial; validar no Google Ads","Frase / exata","https://bewild.com.br/portfolio/jw-green-view-butanta-2"
"jw-green-view-butanta-2","iluminação na cabeceira","Sugestão editorial; validar no Google Ads","Frase / exata","https://bewild.com.br/portfolio/jw-green-view-butanta-2"
"jw-green-view-butanta-2","reforma de studio para Airbnb","Sugestão editorial; validar no Google Ads","Frase / exata","https://bewild.com.br/portfolio/jw-green-view-butanta-2"
"jw-green-view-butanta-2","reforma de apartamento para locação por temporada","Sugestão editorial; validar no Google Ads","Frase / exata","https://bewild.com.br/portfolio/jw-green-view-butanta-2"
"jw-green-view-butanta-2","reforma turnkey de studio","Sugestão editorial; validar no Google Ads","Frase / exata","https://bewild.com.br/portfolio/jw-green-view-butanta-2"
"jw-green-view-butanta-2","reforma de apartamento em Butantã","Sugestão editorial; validar no Google Ads","Frase / exata","https://bewild.com.br/portfolio/jw-green-view-butanta-2"
"ls-edificio-dom-bras","Edifício Dom Brás","Sugestão editorial; validar no Google Ads","Frase / exata","https://bewild.com.br/portfolio/ls-edificio-dom-bras"
"ls-edificio-dom-bras","projeto de interiores","Sugestão editorial; validar no Google Ads","Frase / exata","https://bewild.com.br/portfolio/ls-edificio-dom-bras"
"ls-edificio-dom-bras","marcenaria aberta","Sugestão editorial; validar no Google Ads","Frase / exata","https://bewild.com.br/portfolio/ls-edificio-dom-bras"
"ls-edificio-dom-bras","interiores em tons neutros","Sugestão editorial; validar no Google Ads","Frase / exata","https://bewild.com.br/portfolio/ls-edificio-dom-bras"
"ls-edificio-dom-bras","cozinha linear","Sugestão editorial; validar no Google Ads","Frase / exata","https://bewild.com.br/portfolio/ls-edificio-dom-bras"
"ls-edificio-dom-bras","mesa redonda","Sugestão editorial; validar no Google Ads","Frase / exata","https://bewild.com.br/portfolio/ls-edificio-dom-bras"
"ls-edificio-dom-bras","quarto com cabideiro aberto","Sugestão editorial; validar no Google Ads","Frase / exata","https://bewild.com.br/portfolio/ls-edificio-dom-bras"
"ls-edificio-dom-bras","reforma completa de apartamento para morar","Sugestão editorial; validar no Google Ads","Frase / exata","https://bewild.com.br/portfolio/ls-edificio-dom-bras"
"ls-edificio-dom-bras","arquitetura de interiores para apartamento compacto","Sugestão editorial; validar no Google Ads","Frase / exata","https://bewild.com.br/portfolio/ls-edificio-dom-bras"
"ls-edificio-dom-bras","reforma turnkey residencial","Sugestão editorial; validar no Google Ads","Frase / exata","https://bewild.com.br/portfolio/ls-edificio-dom-bras"
"jg-nex-one-vila-nova","Nex One Vila Nova","Sugestão editorial; validar no Google Ads","Frase / exata","https://bewild.com.br/portfolio/jg-nex-one-vila-nova"
"jg-nex-one-vila-nova","proposta de interiores","Sugestão editorial; validar no Google Ads","Frase / exata","https://bewild.com.br/portfolio/jg-nex-one-vila-nova"
"jg-nex-one-vila-nova","cozinha linear","Sugestão editorial; validar no Google Ads","Frase / exata","https://bewild.com.br/portfolio/jg-nex-one-vila-nova"
"jg-nex-one-vila-nova","marcenaria amadeirada","Sugestão editorial; validar no Google Ads","Frase / exata","https://bewild.com.br/portfolio/jg-nex-one-vila-nova"
"jg-nex-one-vila-nova","armários grafite","Sugestão editorial; validar no Google Ads","Frase / exata","https://bewild.com.br/portfolio/jg-nex-one-vila-nova"
"jg-nex-one-vila-nova","apoio para refeições e trabalho","Sugestão editorial; validar no Google Ads","Frase / exata","https://bewild.com.br/portfolio/jg-nex-one-vila-nova"
"jg-nex-one-vila-nova","dormitório separado","Sugestão editorial; validar no Google Ads","Frase / exata","https://bewild.com.br/portfolio/jg-nex-one-vila-nova"
"jg-nex-one-vila-nova","detalhes bordô","Sugestão editorial; validar no Google Ads","Frase / exata","https://bewild.com.br/portfolio/jg-nex-one-vila-nova"
"jg-nex-one-vila-nova","reforma de studio para Airbnb","Sugestão editorial; validar no Google Ads","Frase / exata","https://bewild.com.br/portfolio/jg-nex-one-vila-nova"
"jg-nex-one-vila-nova","reforma de apartamento para locação por temporada","Sugestão editorial; validar no Google Ads","Frase / exata","https://bewild.com.br/portfolio/jg-nex-one-vila-nova"
"jg-nex-one-vila-nova","reforma turnkey de studio","Sugestão editorial; validar no Google Ads","Frase / exata","https://bewild.com.br/portfolio/jg-nex-one-vila-nova"
"sc-do-it-pinheiros","Do It Pinheiros","Sugestão editorial; validar no Google Ads","Frase / exata","https://bewild.com.br/portfolio/sc-do-it-pinheiros"
"sc-do-it-pinheiros","marcenaria amadeirada","Sugestão editorial; validar no Google Ads","Frase / exata","https://bewild.com.br/portfolio/sc-do-it-pinheiros"
"sc-do-it-pinheiros","cozinha linear","Sugestão editorial; validar no Google Ads","Frase / exata","https://bewild.com.br/portfolio/sc-do-it-pinheiros"
"sc-do-it-pinheiros","sofá verde","Sugestão editorial; validar no Google Ads","Frase / exata","https://bewild.com.br/portfolio/sc-do-it-pinheiros"
"sc-do-it-pinheiros","bancada de trabalho","Sugestão editorial; validar no Google Ads","Frase / exata","https://bewild.com.br/portfolio/sc-do-it-pinheiros"
"sc-do-it-pinheiros","banco em L","Sugestão editorial; validar no Google Ads","Frase / exata","https://bewild.com.br/portfolio/sc-do-it-pinheiros"
"sc-do-it-pinheiros","dormitório com nichos","Sugestão editorial; validar no Google Ads","Frase / exata","https://bewild.com.br/portfolio/sc-do-it-pinheiros"
"sc-do-it-pinheiros","reforma de studio para Airbnb","Sugestão editorial; validar no Google Ads","Frase / exata","https://bewild.com.br/portfolio/sc-do-it-pinheiros"
"sc-do-it-pinheiros","reforma de apartamento para locação por temporada","Sugestão editorial; validar no Google Ads","Frase / exata","https://bewild.com.br/portfolio/sc-do-it-pinheiros"
"sc-do-it-pinheiros","reforma turnkey de studio","Sugestão editorial; validar no Google Ads","Frase / exata","https://bewild.com.br/portfolio/sc-do-it-pinheiros"
"vt-nex-one-pereira-coutinho","Nex One Pereira Coutinho","Sugestão editorial; validar no Google Ads","Frase / exata","https://bewild.com.br/portfolio/vt-nex-one-pereira-coutinho"
"vt-nex-one-pereira-coutinho","proposta de interiores","Sugestão editorial; validar no Google Ads","Frase / exata","https://bewild.com.br/portfolio/vt-nex-one-pereira-coutinho"
"vt-nex-one-pereira-coutinho","marcenaria amadeirada","Sugestão editorial; validar no Google Ads","Frase / exata","https://bewild.com.br/portfolio/vt-nex-one-pereira-coutinho"
"vt-nex-one-pereira-coutinho","cozinha linear","Sugestão editorial; validar no Google Ads","Frase / exata","https://bewild.com.br/portfolio/vt-nex-one-pereira-coutinho"
"vt-nex-one-pereira-coutinho","guarda de roupas aberta","Sugestão editorial; validar no Google Ads","Frase / exata","https://bewild.com.br/portfolio/vt-nex-one-pereira-coutinho"
"vt-nex-one-pereira-coutinho","bancada para refeição e trabalho","Sugestão editorial; validar no Google Ads","Frase / exata","https://bewild.com.br/portfolio/vt-nex-one-pereira-coutinho"
"vt-nex-one-pereira-coutinho","cabeceira iluminada","Sugestão editorial; validar no Google Ads","Frase / exata","https://bewild.com.br/portfolio/vt-nex-one-pereira-coutinho"
"vt-nex-one-pereira-coutinho","tecidos verdes","Sugestão editorial; validar no Google Ads","Frase / exata","https://bewild.com.br/portfolio/vt-nex-one-pereira-coutinho"
"vt-nex-one-pereira-coutinho","reforma de studio para Airbnb","Sugestão editorial; validar no Google Ads","Frase / exata","https://bewild.com.br/portfolio/vt-nex-one-pereira-coutinho"
"vt-nex-one-pereira-coutinho","reforma de apartamento para locação por temporada","Sugestão editorial; validar no Google Ads","Frase / exata","https://bewild.com.br/portfolio/vt-nex-one-pereira-coutinho"
"vt-nex-one-pereira-coutinho","reforma turnkey de studio","Sugestão editorial; validar no Google Ads","Frase / exata","https://bewild.com.br/portfolio/vt-nex-one-pereira-coutinho"
"mc-infinity-brooklin","Infinity Brooklin","Sugestão editorial; validar no Google Ads","Frase / exata","https://bewild.com.br/portfolio/mc-infinity-brooklin"
"mc-infinity-brooklin","projeto de interiores no Brooklin","Sugestão editorial; validar no Google Ads","Frase / exata","https://bewild.com.br/portfolio/mc-infinity-brooklin"
"mc-infinity-brooklin","marcenaria amadeirada","Sugestão editorial; validar no Google Ads","Frase / exata","https://bewild.com.br/portfolio/mc-infinity-brooklin"
"mc-infinity-brooklin","bancada de trabalho","Sugestão editorial; validar no Google Ads","Frase / exata","https://bewild.com.br/portfolio/mc-infinity-brooklin"
"mc-infinity-brooklin","cozinha linear","Sugestão editorial; validar no Google Ads","Frase / exata","https://bewild.com.br/portfolio/mc-infinity-brooklin"
"mc-infinity-brooklin","mesa redonda com banco","Sugestão editorial; validar no Google Ads","Frase / exata","https://bewild.com.br/portfolio/mc-infinity-brooklin"
"mc-infinity-brooklin","interiores em bege e verde","Sugestão editorial; validar no Google Ads","Frase / exata","https://bewild.com.br/portfolio/mc-infinity-brooklin"
"mc-infinity-brooklin","reforma de studio para Airbnb","Sugestão editorial; validar no Google Ads","Frase / exata","https://bewild.com.br/portfolio/mc-infinity-brooklin"
"mc-infinity-brooklin","reforma de apartamento para locação por temporada","Sugestão editorial; validar no Google Ads","Frase / exata","https://bewild.com.br/portfolio/mc-infinity-brooklin"
"mc-infinity-brooklin","reforma turnkey de studio","Sugestão editorial; validar no Google Ads","Frase / exata","https://bewild.com.br/portfolio/mc-infinity-brooklin"
"mc-infinity-brooklin","reforma de apartamento em Brooklin","Sugestão editorial; validar no Google Ads","Frase / exata","https://bewild.com.br/portfolio/mc-infinity-brooklin"
"aj-ari-studios-butanta","ARI Studios Butantã","Sugestão editorial; validar no Google Ads","Frase / exata","https://bewild.com.br/portfolio/aj-ari-studios-butanta"
"aj-ari-studios-butanta","interiores de estúdio","Sugestão editorial; validar no Google Ads","Frase / exata","https://bewild.com.br/portfolio/aj-ari-studios-butanta"
"aj-ari-studios-butanta","cozinha linear","Sugestão editorial; validar no Google Ads","Frase / exata","https://bewild.com.br/portfolio/aj-ari-studios-butanta"
"aj-ari-studios-butanta","bancada de trabalho","Sugestão editorial; validar no Google Ads","Frase / exata","https://bewild.com.br/portfolio/aj-ari-studios-butanta"
"aj-ari-studios-butanta","marcenaria amadeirada","Sugestão editorial; validar no Google Ads","Frase / exata","https://bewild.com.br/portfolio/aj-ari-studios-butanta"
"aj-ari-studios-butanta","mesa redonda","Sugestão editorial; validar no Google Ads","Frase / exata","https://bewild.com.br/portfolio/aj-ari-studios-butanta"
"aj-ari-studios-butanta","tons neutros e verde","Sugestão editorial; validar no Google Ads","Frase / exata","https://bewild.com.br/portfolio/aj-ari-studios-butanta"
"aj-ari-studios-butanta","reforma de studio para Airbnb","Sugestão editorial; validar no Google Ads","Frase / exata","https://bewild.com.br/portfolio/aj-ari-studios-butanta"
"aj-ari-studios-butanta","reforma de apartamento para locação por temporada","Sugestão editorial; validar no Google Ads","Frase / exata","https://bewild.com.br/portfolio/aj-ari-studios-butanta"
"aj-ari-studios-butanta","reforma turnkey de studio","Sugestão editorial; validar no Google Ads","Frase / exata","https://bewild.com.br/portfolio/aj-ari-studios-butanta"
"aj-ari-studios-butanta","reforma de apartamento em Butantã","Sugestão editorial; validar no Google Ads","Frase / exata","https://bewild.com.br/portfolio/aj-ari-studios-butanta"
"mz-ari-studios-butanta","Ari Studios Butantã","Sugestão editorial; validar no Google Ads","Frase / exata","https://bewild.com.br/portfolio/mz-ari-studios-butanta"
"mz-ari-studios-butanta","interiores no Butantã","Sugestão editorial; validar no Google Ads","Frase / exata","https://bewild.com.br/portfolio/mz-ari-studios-butanta"
"mz-ari-studios-butanta","projeto de estúdio","Sugestão editorial; validar no Google Ads","Frase / exata","https://bewild.com.br/portfolio/mz-ari-studios-butanta"
"mz-ari-studios-butanta","marcenaria amadeirada","Sugestão editorial; validar no Google Ads","Frase / exata","https://bewild.com.br/portfolio/mz-ari-studios-butanta"
"mz-ari-studios-butanta","bancada de trabalho","Sugestão editorial; validar no Google Ads","Frase / exata","https://bewild.com.br/portfolio/mz-ari-studios-butanta"
"mz-ari-studios-butanta","cozinha linear","Sugestão editorial; validar no Google Ads","Frase / exata","https://bewild.com.br/portfolio/mz-ari-studios-butanta"
"mz-ari-studios-butanta","mesa redonda","Sugestão editorial; validar no Google Ads","Frase / exata","https://bewild.com.br/portfolio/mz-ari-studios-butanta"
"mz-ari-studios-butanta","decoração em tons neutros e verdes","Sugestão editorial; validar no Google Ads","Frase / exata","https://bewild.com.br/portfolio/mz-ari-studios-butanta"
"mz-ari-studios-butanta","reforma de studio para Airbnb","Sugestão editorial; validar no Google Ads","Frase / exata","https://bewild.com.br/portfolio/mz-ari-studios-butanta"
"mz-ari-studios-butanta","reforma de apartamento para locação por temporada","Sugestão editorial; validar no Google Ads","Frase / exata","https://bewild.com.br/portfolio/mz-ari-studios-butanta"
"mz-ari-studios-butanta","reforma turnkey de studio","Sugestão editorial; validar no Google Ads","Frase / exata","https://bewild.com.br/portfolio/mz-ari-studios-butanta"
"mz-ari-studios-butanta","reforma de apartamento em Butantã","Sugestão editorial; validar no Google Ads","Frase / exata","https://bewild.com.br/portfolio/mz-ari-studios-butanta"
"ej-patteo-klabin","Patteo Klabin","Sugestão editorial; validar no Google Ads","Frase / exata","https://bewild.com.br/portfolio/ej-patteo-klabin"
"ej-patteo-klabin","interiores na Vila Mariana","Sugestão editorial; validar no Google Ads","Frase / exata","https://bewild.com.br/portfolio/ej-patteo-klabin"
"ej-patteo-klabin","cozinha com ilha","Sugestão editorial; validar no Google Ads","Frase / exata","https://bewild.com.br/portfolio/ej-patteo-klabin"
"ej-patteo-klabin","sala e cozinha integradas","Sugestão editorial; validar no Google Ads","Frase / exata","https://bewild.com.br/portfolio/ej-patteo-klabin"
"ej-patteo-klabin","marcenaria amadeirada e cinza","Sugestão editorial; validar no Google Ads","Frase / exata","https://bewild.com.br/portfolio/ej-patteo-klabin"
"ej-patteo-klabin","mesa redonda na varanda","Sugestão editorial; validar no Google Ads","Frase / exata","https://bewild.com.br/portfolio/ej-patteo-klabin"
"ej-patteo-klabin","quarto com guarda-roupa espelhado","Sugestão editorial; validar no Google Ads","Frase / exata","https://bewild.com.br/portfolio/ej-patteo-klabin"
"ej-patteo-klabin","reforma completa de apartamento para morar","Sugestão editorial; validar no Google Ads","Frase / exata","https://bewild.com.br/portfolio/ej-patteo-klabin"
"ej-patteo-klabin","arquitetura de interiores para apartamento compacto","Sugestão editorial; validar no Google Ads","Frase / exata","https://bewild.com.br/portfolio/ej-patteo-klabin"
"ej-patteo-klabin","reforma turnkey residencial","Sugestão editorial; validar no Google Ads","Frase / exata","https://bewild.com.br/portfolio/ej-patteo-klabin"
"ej-patteo-klabin","reforma de apartamento em Vila Mariana","Sugestão editorial; validar no Google Ads","Frase / exata","https://bewild.com.br/portfolio/ej-patteo-klabin"
"lb-rem-id-alto-da-vila-romana","ID Alto da Vila Romana","Sugestão editorial; validar no Google Ads","Frase / exata","https://bewild.com.br/portfolio/lb-rem-id-alto-da-vila-romana"
"lb-rem-id-alto-da-vila-romana","marcenaria amadeirada","Sugestão editorial; validar no Google Ads","Frase / exata","https://bewild.com.br/portfolio/lb-rem-id-alto-da-vila-romana"
"lb-rem-id-alto-da-vila-romana","cozinha compacta","Sugestão editorial; validar no Google Ads","Frase / exata","https://bewild.com.br/portfolio/lb-rem-id-alto-da-vila-romana"
"lb-rem-id-alto-da-vila-romana","apoio para refeições e trabalho","Sugestão editorial; validar no Google Ads","Frase / exata","https://bewild.com.br/portfolio/lb-rem-id-alto-da-vila-romana"
"lb-rem-id-alto-da-vila-romana","cabeceira amadeirada","Sugestão editorial; validar no Google Ads","Frase / exata","https://bewild.com.br/portfolio/lb-rem-id-alto-da-vila-romana"
"lb-rem-id-alto-da-vila-romana","espelho irregular iluminado","Sugestão editorial; validar no Google Ads","Frase / exata","https://bewild.com.br/portfolio/lb-rem-id-alto-da-vila-romana"
"lb-rem-id-alto-da-vila-romana","visualizações de interiores","Sugestão editorial; validar no Google Ads","Frase / exata","https://bewild.com.br/portfolio/lb-rem-id-alto-da-vila-romana"
"lb-rem-id-alto-da-vila-romana","reforma de studio para Airbnb","Sugestão editorial; validar no Google Ads","Frase / exata","https://bewild.com.br/portfolio/lb-rem-id-alto-da-vila-romana"
"lb-rem-id-alto-da-vila-romana","reforma de apartamento para locação por temporada","Sugestão editorial; validar no Google Ads","Frase / exata","https://bewild.com.br/portfolio/lb-rem-id-alto-da-vila-romana"
"lb-rem-id-alto-da-vila-romana","reforma turnkey de studio","Sugestão editorial; validar no Google Ads","Frase / exata","https://bewild.com.br/portfolio/lb-rem-id-alto-da-vila-romana"
"fr-collection-moema","Collection Moema","Sugestão editorial; validar no Google Ads","Frase / exata","https://bewild.com.br/portfolio/fr-collection-moema"
"fr-collection-moema","estúdio em Moema","Sugestão editorial; validar no Google Ads","Frase / exata","https://bewild.com.br/portfolio/fr-collection-moema"
"fr-collection-moema","projeto de interiores","Sugestão editorial; validar no Google Ads","Frase / exata","https://bewild.com.br/portfolio/fr-collection-moema"
"fr-collection-moema","marcenaria amadeirada","Sugestão editorial; validar no Google Ads","Frase / exata","https://bewild.com.br/portfolio/fr-collection-moema"
"fr-collection-moema","cozinha linear","Sugestão editorial; validar no Google Ads","Frase / exata","https://bewild.com.br/portfolio/fr-collection-moema"
"fr-collection-moema","bancada de trabalho e refeições","Sugestão editorial; validar no Google Ads","Frase / exata","https://bewild.com.br/portfolio/fr-collection-moema"
"fr-collection-moema","estúdio compacto","Sugestão editorial; validar no Google Ads","Frase / exata","https://bewild.com.br/portfolio/fr-collection-moema"
"fr-collection-moema","reforma de studio para Airbnb","Sugestão editorial; validar no Google Ads","Frase / exata","https://bewild.com.br/portfolio/fr-collection-moema"
"fr-collection-moema","reforma de apartamento para locação por temporada","Sugestão editorial; validar no Google Ads","Frase / exata","https://bewild.com.br/portfolio/fr-collection-moema"
"fr-collection-moema","reforma turnkey de studio","Sugestão editorial; validar no Google Ads","Frase / exata","https://bewild.com.br/portfolio/fr-collection-moema"
"fr-collection-moema","reforma de apartamento em Moema","Sugestão editorial; validar no Google Ads","Frase / exata","https://bewild.com.br/portfolio/fr-collection-moema"
"rm-zip-brooklin","reforma studio brooklin","Sugestão editorial; validar no Google Ads","Frase / exata","https://bewild.com.br/portfolio/rm-zip-brooklin"
"rm-zip-brooklin","reforma studio 25,12 m2","Sugestão editorial; validar no Google Ads","Frase / exata","https://bewild.com.br/portfolio/rm-zip-brooklin"
"rm-zip-brooklin","zip brooklin reforma","Sugestão editorial; validar no Google Ads","Frase / exata","https://bewild.com.br/portfolio/rm-zip-brooklin"
"rm-zip-brooklin","cozinha planejada studio","Sugestão editorial; validar no Google Ads","Frase / exata","https://bewild.com.br/portfolio/rm-zip-brooklin"
"rm-zip-brooklin","reforma de apartamento brooklin","Sugestão editorial; validar no Google Ads","Frase / exata","https://bewild.com.br/portfolio/rm-zip-brooklin"
"rm-zip-brooklin","reforma de studio para locação","Sugestão editorial; validar no Google Ads","Frase / exata","https://bewild.com.br/portfolio/rm-zip-brooklin"
"rm-zip-brooklin","reforma apartamento para Airbnb","Sugestão editorial; validar no Google Ads","Frase / exata","https://bewild.com.br/portfolio/rm-zip-brooklin"
